X,Y,Test or train,Raw prediction,Cumulative prediction,Cloglog prediction
-1.110871,51.603446,train,2.5359124132778935E-4,48.24199190661901,0.7236606649444746
-2.372837,51.383003,train,1.1208167951085423E-4,22.1420454156026,0.43359103349909955
-0.858249,53.938435,train,4.352031834139941E-4,85.47753941862211,0.8899915025475058
-2.666804,51.533703,train,7.3578400588529E-5,12.385502253881402,0.3114475619106959
-2.649585,51.544544,train,7.66489675301856E-5,13.189193469174775,0.3220872168920643
0.545795,51.45977,train,2.3446986235222281E-4,45.393180438088,0.6955196653874922
0.310191,51.461053,train,2.104719149433652E-4,41.473040350561526,0.6561121242390096
-3.952192,51.637557,train,1.092142860790361E-5,1.0376242313561344,0.05388357755826889
-1.06375,51.560144,train,1.52930826337925E-4,32.306327111746086,0.5395778206097023
-0.622945,51.825553,train,1.7245432405541062E-4,35.753615239161604,0.5829827750747067
-0.346935,52.759329,train,3.197245795957491E-4,62.10850867553849,0.8024040033535592
-0.982915,51.384356,train,1.3679956525235258E-4,28.544983686837703,0.5003259731844565
0.714295,52.341868,train,5.061432410285812E-4,95.06774784043891,0.9232330230368818
-2.729189,52.72545,train,1.954721345921075E-4,39.57463002232525,0.6289305364186066
-0.5813884,52.2887645,train,3.367881294808638E-4,65.56709909361818,0.8187849958850362
1.199294,52.94532,train,1.729688686157416E-4,35.82052525746209,0.5840696000455423
-1.240969,52.567178,train,3.127772964771141E-4,60.2808131959958,0.7953177647189774
-2.156482,52.461627,train,2.1855039551913475E-4,42.90944709173257,0.6699168983159227
-1.478671,52.484272,train,3.154768427110579E-4,60.97883577253348,0.7981010035974133
0.377848,51.539784,train,2.2841787924035865E-4,44.503412927513835,0.6860291852623662
0.118506,51.622542,train,1.6408432755819243E-4,34.295692594768596,0.5648994256732369
-1.188651,52.639965,train,2.8094721132897735E-4,53.565419700821096,0.7594592015642834
-2.659598,52.7108,train,2.8707631810538837E-4,54.83698858796594,0.7668213171828769
0.393989,51.439226,train,1.7535999349944364E-4,36.1501852288904,0.5890831046259801
-1.46285,51.11238,train,9.48944258495881E-5,17.20030499305192,0.3820027016085864
0.62918,52.761936,train,3.8589680484604197E-4,78.62556753588697,0.8587371634737389
-0.784864,51.197905,train,8.739353299699487E-5,15.532904653683138,0.3580400108689138
-1.019151,51.588104,train,1.1868368293805664E-4,23.99958520189074,0.45224213849484585
-2.408799,52.506738,train,3.032290820325899E-4,58.42397583746361,0.785162077658162
0.538608,52.414567,train,5.014129070389312E-4,94.45275695730638,0.9213690685020485
-2.413519,51.932458,train,1.5739449185297815E-4,33.058410173285786,0.5498838293794802
0.508679,52.72858,train,4.4625137841199254E-4,87.46692432083223,0.8959860475417848
-2.979333,53.411788,train,1.4462683155766154E-4,30.50699765852965,0.5197730549602646
-1.325052,52.65925,train,1.8992727751356215E-4,38.533757560711805,0.6183473713781273
-1.162683,53.988129,train,5.819134440278443E-4,99.40876119714734,0.9477262304285319
-0.90882,53.281829,train,3.3626328858128734E-4,65.42861741424471,0.81830199367053
-1.168046,53.718521,train,5.303266771549901E-4,97.44061547873648,0.9320939815616932
-0.614862,51.703396,train,1.505792234977672E-4,31.75188370431041,0.5340537177269936
-1.135976,52.950189,train,2.635922459151492E-4,50.043522398729074,0.7373275015166887
-1.185709,52.679051,train,3.072604309647843E-4,59.12568783033415,0.7895099657798765
-0.6581589,53.7880556,train,4.145793708916501E-4,82.80981190645946,0.8778616590296024
-1.434975,54.713192,train,5.860140151171265E-5,8.93663190904313,0.25710883298482246
-2.677622,53.359949,train,7.861882277651658E-5,13.75004872629665,0.32882612783280596
-0.0053035,52.9687568,train,4.885609457425023E-4,92.86489703247983,0.9160731332624157
-4.584630559,55.94273627,train,1.0738372943085098E-5,1.00538591653715,0.05300480085992021
0.522222,52.449538,train,5.041773145995279E-4,94.78025551048904,0.922463790354797
0.653495,52.307279,train,4.629513937767617E-4,89.85666481762149,0.9044329173610686
-1.07216,53.219389,train,3.0294610706837756E-4,58.33807518950538,0.7848535317450103
-1.397193,53.753823,train,3.6147239071208947E-4,71.7394648013119,0.8401086866969486
-1.486295,52.46183,train,2.9279144358302213E-4,56.23121057722821,0.7734830152627594
-0.66024,53.78941,train,4.935885627102489E-4,93.4765475275876,0.9181860736084714
-2.858634,53.394739,train,1.190099710285275E-4,24.091541746492243,0.4531478287955655
-1.159099,52.639759,train,2.9603754062654383E-4,56.748667251305015,0.7771816498917101
0.622287,52.312923,train,4.6837363265492824E-4,90.61201384557242,0.9070251760716805
0.599797045,50.86448523,train,1.939025336610005E-4,39.1972967564652,0.6259648626997237
-2.822678,53.089365,train,2.3871787712434128E-4,46.11971398049612,0.7020093638059447
-1.245723,52.779999,train,3.1916114938868685E-4,62.0198941133911,0.8018385613279091
1.359238,51.155968,train,2.583038410266757E-4,49.08977333617237,0.7301870516142817
-1.57574,52.351111,train,3.4793829540429944E-4,68.47741642494866,0.8287482887741312
-2.868343,53.391523,train,1.1662986817390015E-4,23.404558208221445,0.44650674956117553
-1.152,54.61049,train,5.019237973814616E-4,94.52855508954555,0.9215725419569826
-1.184642,53.211222,train,2.279268946975259E-4,44.38527100194514,0.6852463919701501
0.279576,52.310595,train,3.801119083710266E-4,77.2212628203004,0.8545312616620941
-3.074573,53.608723,train,1.3430076191954212E-4,28.02591791473551,0.4939532824701739
0.482206,52.797025,train,4.980235043791961E-4,94.06155682370657,0.9200057295943413
-1.273763,51.643004,train,2.271304807820103E-4,44.202762951227875,0.6839724897243311
-1.512749,52.731638,train,1.9747017053293938E-4,39.991899505848046,0.6326717207731519
-1.151845,53.203802,train,2.6547749352546026E-4,50.42713144941915,0.7398270272382956
-0.507741,51.424455,train,1.9254603827696806E-4,38.95115687334195,0.6233827532635914
-1.095095,53.197092,train,2.608714569374179E-4,49.66927710740749,0.733677790613136
-3.074116,53.59075,train,1.3430076191954212E-4,28.02591791473551,0.4939532824701739
-0.658424,52.581207,train,3.170096401813938E-4,61.29597209218467,0.7996644432846062
-1.319566,53.719477,train,4.2835830400877464E-4,84.47061934522772,0.88610551652471
-0.600554,52.544575,train,3.4794426174569596E-4,68.47867520208477,0.828753470633403
-1.177207,53.208474,train,2.7248966238688585E-4,51.91316646154636,0.7489170324649297
-1.151455,53.223575,train,2.66220586548229E-4,50.5947237038416,0.7408056975643752
-1.522359,52.733025,train,2.2167755548579602E-4,43.37996214067503,0.675110673914793
-1.102053,53.222315,train,2.821453684239884E-4,53.810408536570755,0.7609164473942993
-5.812754,56.968649,train,2.999833372472533E-6,0.1738252732409047,0.015098951343830436
1.153803,52.933947,train,1.351774842484979E-4,28.2445331980267,0.49619838755192514
-0.633779,53.768004,train,4.573115963882637E-4,89.06691521137647,0.9016599364618185
-1.218844,52.604208,train,3.107453516774828E-4,59.86207404600518,0.7931975447865025
-1.040893,52.638862,train,2.7007942099382216E-4,51.431600463165616,0.7458289844242431
-0.58017,53.173641,train,3.974006630561764E-4,80.46582130626322,0.8667431170351336
-1.022773,53.447765,train,4.077189433975196E-4,81.77637251004276,0.8735372215988013
-1.19031,52.550076,train,3.169860797235773E-4,61.28417859632222,0.799640503685435
-2.70774,53.24429,train,6.108743305907739E-5,9.543202206532232,0.2664166110338264
-0.492847,51.374357,train,2.1674452509307565E-4,42.6080547363407,0.6668798664037154
-1.100732,52.603371,train,3.1615204217774333E-4,61.11352365924023,0.7987911989558629
-2.636844,52.688225,train,1.9719842466521946E-4,39.93129889595476,0.6321651200742916
-1.086643,52.992296,train,2.2574375594039991E-4,43.937133008837044,0.681742040004056
-2.675052,52.772202,train,2.640968624683215E-4,50.132365790508764,0.7379988834490979
-1.044803,52.45909,train,2.1211283046495996E-4,41.72245600987894,0.6589621341768703
-1.04754,53.18144,train,3.202714714553541E-4,62.194522137495994,0.8029513048246756
1.376454,52.041916,train,3.424226227574465E-4,67.10651048562512,0.8238901366708838
-2.4644,52.749257,train,3.4144168991587573E-4,66.75798412661771,0.823011816485608
-0.584312,51.434442,train,1.8706617465682075E-4,38.10332221921766,0.6127690231600352
-2.824397,53.179245,train,1.880529955515827E-4,38.253121662451754,0.6147021985867145
-1.43354,53.751978,train,2.886311066391091E-4,55.20237111142341,0.7686527803283717
-1.104029,52.441573,train,2.075470096890008E-4,41.17305954138558,0.6509728357618731
-1.1936,52.370295,train,2.48085766808905E-4,47.53016482697042,0.715836033569087
0.609679,52.621641,train,4.715432543980609E-4,91.08874656215812,0.9085078169018423
1.257175,52.903277,train,1.0044639655096694E-4,18.766764261369772,0.39916134305536033
-1.474448,53.450605,train,1.0255213931043252E-4,19.455487342143886,0.4055439098504512
-1.632724,52.552275,train,2.2887704867702435E-4,44.59146442060496,0.6867594928871714
0.034733,51.558378,train,1.1451556480873958E-4,22.923560301004883,0.44053970410085586
0.620559,52.618253,train,4.8452761511494173E-4,92.44929466106366,0.914338676589164
0.572082,52.799156,train,4.648411462837775E-4,90.11189694451359,0.9053444724327313
-0.195023,51.639921,train,1.2493385998082286E-4,25.881955877040856,0.4693330411380672
-2.074114,51.923497,train,2.2560480226797462E-4,43.91449614448616,0.6815176768654331
0.263114,51.987193,train,3.8875466438454944E-4,79.25744964995336,0.8607698687926999
0.577541,52.703273,train,4.6940812998867574E-4,90.84134224297772,0.9075117010220327
0.353386,51.156559,train,1.5082576070847084E-4,31.827284403899124,0.5346359496480587
-1.1868024,52.738981,train,2.787605279249376E-4,53.08211334595499,0.7567767355398902
-1.323881,53.449848,train,2.4468572257670373E-4,46.98424776364318,0.7108934665284741
-0.930036,51.109399,train,6.254883706160338E-5,9.843029262802345,0.2718336318431268
-2.855642,51.689784,train,2.7290710328164427E-5,3.776279342559816,0.12925742422132014
-2.683389,53.719458,train,2.843497009996509E-5,3.995869577332967,0.13429595617820933
0.605804,52.618579,train,4.605178638458513E-4,89.53177653291623,0.9032461188980115
-3.229908,51.647347,train,1.4197048594701093E-5,1.6034392019146557,0.06947137773752754
-0.062071,51.368024,train,5.338064951957591E-5,7.945137358256726,0.2371759694148048
-1.554381,52.277807,train,3.389436646526307E-4,66.07154563952905,0.8207552702883543
-2.757635,52.914054,train,1.2750224666329012E-4,26.559114269695826,0.4762006593276462
-3.263394,55.941804,train,1.847661773219706E-4,37.76539015859198,0.6082256121503655
-0.60624,52.364828,train,3.363513546451677E-4,65.44855056836204,0.8183831291729529
-0.692247,53.8221927,train,4.1878269623855995E-4,83.51093911257996,0.8804378218755557
-0.336173,51.731927,train,2.1454836751248592E-4,42.252932553367096,0.663148787728449
-1.672363,52.179299,train,3.425344984600354E-4,67.14679258666038,0.8239900320543599
-1.343202,53.8623192,train,3.4543486480927827E-4,67.94617872552708,0.8265601262703122
-1.1557102,52.7218678,train,3.0870892443656185E-4,59.40070269379553,0.7910506122898106
-0.538004,52.651705,train,3.6794666556134406E-4,73.28451749475389,0.8452734995935582
0.244334,51.474383,train,2.0895364923404988E-4,41.26558809566443,0.6534539285865764
-0.471807,52.003518,train,2.4798134053135754E-4,47.516158982211195,0.7156854966660012
0.199759,51.435344,train,1.7450996247286125E-4,36.02272919241307,0.5873077937572946
-0.042852,51.81733,train,1.8998917891812782E-4,38.54091718717614,0.6184671694301704
0.167914,52.72631,train,4.393554784187117E-4,86.0421823802533,0.8922839464866642
-0.339465,51.642053,train,2.562013910044274E-4,48.59751839636428,0.7272946732275246
0.093113,51.057562,train,1.1322083908270808E-4,22.530707868821874,0.43685397961687145
-1.488375,52.282035,train,3.332116236497855E-4,64.64332602968847,0.8154679842447469
-1.450229,52.403232,train,3.501883320103402E-4,68.97001476505962,0.8306914018392035
-0.427332,53.261619,train,5.019666307078837E-4,94.53334596862412,0.9215895773412959
-0.617435,52.005318,train,2.4297289688171654E-4,46.764848620168976,0.7083711015277094
0.473972,52.900151,train,5.459812151729627E-4,98.32199310071464,0.9372768655686339
0.562472,52.255335,train,3.6925487688675864E-4,73.67398727307928,0.8462966791233575
0.066601,51.5081353,train,1.446029704591039E-4,30.501890747129313,0.5197149367272241
-1.655794,52.430979,train,2.918920510146317E-4,56.028540192558474,0.7724474198831783
-1.325304,53.359969,train,2.0137183583616378E-4,40.502749977914256,0.6398689236290178
-1.212629,53.154779,train,1.596750905620809E-4,33.473920725185444,0.5550600581754184
0.178374,51.567894,train,1.4226235905303184E-4,29.921519432868397,0.5139796146060893
-0.594807,52.724315,train,3.827958707830349E-4,77.94023989558357,0.8564979828033759
-0.597688,52.634446,train,3.8720697024584587E-4,78.98451387585497,0.8596727008314289
-1.699244,52.529987,train,3.02041694407305E-4,58.12176685020723,0.7838644175715476
0.0196,51.737591,train,1.9208064246950925E-4,38.813409157738306,0.6224927646009932
0.667482,51.351656,train,1.9252097372888063E-4,38.943738275695935,0.6233348751697674
-1.781981,52.193038,train,3.4649017093074734E-4,68.17082598133176,0.8274859213885468
-1.130971,52.567636,train,3.223945808431404E-4,62.50107964660082,0.8050616768835327
0.694645,50.980252,train,1.610544741833591E-4,33.73775006604433,0.5581618839572773
-0.568145,52.634093,train,3.1362789340431366E-4,60.53126087322703,0.7961988474809314
-1.716122,52.197393,train,3.4111299583283695E-4,66.6641055386636,0.8227165274221798
-0.312643,52.361001,train,3.3124381249727546E-4,64.21331543341554,0.8136171256061313
-0.065855,51.278158,train,1.0756000677427051E-4,20.68674570709825,0.4204518729071046
-0.636472,51.376116,train,1.588728037690255E-4,33.282548400357044,0.5532459463459625
1.36578,51.245732,train,1.9978218339066777E-4,40.273318634064715,0.6369537542186701
-1.321012,53.629602,train,2.8356775487747474E-4,54.00049299038957,0.762634952980383
0.137441,51.625796,train,1.7176782303705E-4,35.654989925997775,0.5815283190204533
-1.010196,53.98697,train,4.5924406742487876E-4,89.38025332375594,0.9026190414758033
-0.342739,51.552177,train,1.7202302640859316E-4,35.69165340029095,0.5820695973277288
-3.472244,54.39099,train,3.979011324709425E-5,5.705967865482391,0.18274284364030569
0.280101,52.306538,train,3.751541423623927E-4,75.74281713752974,0.8508272165824758
-1.02891,53.178143,train,3.1156550894564076E-4,60.01760472458206,0.7940559632925115
0.382544,51.62962,train,2.1745840607584877E-4,42.71095711613343,0.6680837649879083
-0.198582,51.550053,train,7.369546961662734E-5,12.415155011471004,0.3118562568660077
0.725358,52.521466,train,4.6538648404615156E-4,90.16155177986514,0.9056059053553526
-2.988528,53.807212,train,5.6221419076091764E-5,8.457125208546591,0.2480874772285837
-1.146109,51.514465,train,1.838197475303227E-4,37.53340438720642,0.6063405905854433
-2.902068,54.023609,train,3.3510585111054215E-5,4.786872614015285,0.15629630303278064
-1.471094,53.720242,train,2.507896432622542E-4,47.95067502775153,0.7197062090153493
-0.455177,52.589968,train,3.584110680989725E-4,70.8068736444716,0.8376068502563512
-2.913896,51.565262,train,4.318320172967976E-5,6.253957147475616,0.19668633882505826
-0.01509,52.446292,train,3.7968312290633015E-4,77.02042452794365,0.8542145739615892
-0.988292,53.473096,train,4.192337396717079E-4,83.56303706714118,0.8807110118203041
-0.836728,53.918004,train,4.4385449534745217E-4,86.79743927027081,0.8947139220379512
-2.939038,51.560118,train,4.318320172967976E-5,6.253957147475616,0.19668633882505826
-0.879317,53.17683,train,4.246720125976711E-4,84.03932828673909,0.8839561645734563
-0.084488,50.828804,train,1.9463877823994576E-4,39.35809457692154,0.6273588958689018
-2.037849,52.026908,train,2.3815751103002577E-4,46.034006391497684,0.701161275829044
-0.11578,51.372047,train,6.247971603256336E-5,9.825085656156523,0.2715783228569304
-0.84214,53.917742,train,4.52491744214505E-4,88.38682182964375,0.899226431379935
0.089675,51.545272,train,1.3457327518871464E-4,28.093870519081424,0.4946522022765897
1.044622,52.873398,train,2.595035428276724E-4,49.49643795658168,0.7318237351299339
-0.489888,51.464242,train,1.946484398490077E-4,39.360958174499956,0.6273771549426728
0.31006,51.482684,train,2.13318499724952E-4,41.97062135836926,0.661041126255472
-1.45034,52.394242,train,3.747115727758875E-4,75.63743710854769,0.8504920136459334
-0.641785,51.196331,train,1.4684692399009912E-4,30.922345395330336,0.5251498572089065
-0.15839,52.538522,train,3.5951075375514343E-4,71.12102491999464,0.838510031511746
0.085569,51.455417,train,1.1654267405351119E-4,23.37749564121372,0.4462619307836736
0.193648,51.457941,train,1.9063010658302153E-4,38.61504801996576,0.6197053512936723
-1.449478,53.634756,train,2.1910558500267682E-4,43.014999600950304,0.6708450146241196
0.578131,52.524766,train,4.836972875176862E-4,92.32951328182571,0.9139771850197147
0.106316,51.904676,train,3.1011581972143463E-4,59.73774952649476,0.7925362179899057
-2.065039,50.669149,train,7.183641279108263E-5,11.888161070946282,0.3053374220996431
-0.202123,51.460183,train,1.0410567020890345E-4,19.839968761254422,0.4102092044064459
-1.15825,51.520398,train,1.997437203296866E-4,40.26777477427725,0.636882927467959
-0.830814,51.050447,train,6.135064727050437E-5,9.592645693835973,0.26739524017410676
-0.753309,53.213784,train,4.102144940869197E-4,82.15940624765113,0.8751277185537967
-2.98016,53.447737,train,1.5358549432023213E-4,32.47212281707738,0.5411040004756025
-2.244505,52.503146,train,2.6823257886014984E-4,51.02793654655907,0.7434370984744336
-0.495791,51.284471,train,2.174116456896952E-4,42.70421683990904,0.6680050409707399
-0.352462,51.282542,train,1.787255138342466E-4,36.680558223519434,0.5960374174877944
-1.473336,53.540485,train,1.4838879597111416E-4,31.33179453954273,0.5288486253281992
-0.046274,51.570097,train,7.382906676744876E-5,12.448994225756111,0.31232235611699244
0.539754,51.468939,train,2.297296680473352E-4,44.75495390957422,0.688111078722059
-2.94437,52.850238,train,1.1360360128309874E-4,22.675957019016085,0.437946118227554
1.468096,52.591956,train,3.1695730225428983E-4,61.26977365701175,0.7996112592401445
0.233773,51.542617,train,1.7710118900144347E-4,36.407479877650374,0.5926958266088881
-1.421068,52.385113,train,3.6967027589923234E-4,73.76427980727851,0.846620153942821
-0.017826,51.560627,train,1.07397472425617E-4,20.649038596971934,0.41997394450842773
-0.15462,52.628373,train,3.577018119775748E-4,70.52742355975732,0.8370216543262591
-0.639135,51.286225,train,1.5078709080646542E-4,31.81507348551311,0.5345446734263077
0.223285,51.475369,train,2.0895364923404988E-4,41.26558809566443,0.6534539285865764
-0.633794,51.466007,train,1.6155625885431083E-4,33.839107958598454,0.5592848774447465
-0.30576,52.540723,train,3.392013615280723E-4,66.14571107218825,0.8209893808158377
-1.322451,53.539726,train,2.668338616342991E-4,50.71943390261982,0.7416106212669684
-0.775307,51.557489,train,1.944318273427271E-4,39.296756544682005,0.6269675730527222
0.719812,52.431668,train,5.139191001442006E-4,95.60537960364164,0.9262015200641416
1.713822,52.615978,train,3.35554906076136E-4,65.26827223381734,0.8176480391816577
-1.030796,53.26041,train,3.7604282136578435E-4,75.98225601632173,0.8514980355714883
-1.436218,52.349225,train,3.7078983986359073E-4,74.30845839558542,0.8474885822824554
0.124656,51.522162,train,1.4131646782322309E-4,29.69349597599967,0.5116424625408926
0.521898,51.536775,train,2.5860136532395513E-4,49.22263184143749,0.7305938758057988
-0.108243,52.624495,train,3.655374812373788E-4,72.58681576848139,0.843371371239716
-0.869848,53.536306,train,5.173558351666069E-4,96.09654855259599,0.9274766759212479
-0.631103,51.555896,train,1.764118151301336E-4,36.30676448613941,0.5912692921443009
-2.976043,53.267991,train,2.0966139893798582E-4,41.36228007879977,0.6546956112955022
-2.052455,52.053874,train,9.893106611780572E-5,18.34313750062567,0.3945259744939784
-1.862442,54.530201,train,2.8773034157684582E-5,4.057379528834034,0.13577897053735588
-1.36101,50.932701,train,8.192627978861554E-5,14.40184156459594,0.33999067266951777
-0.815519,53.320042,train,4.171814839544862E-4,83.30397626349762,0.879462929899298
-2.630998,52.744442,train,2.627683301208306E-4,49.921064508056986,0.7362275987661333
-2.1467925,52.9817411,train,6.958566487833647E-5,11.464618828781905,0.2973624160923718
-1.175062,53.359025,train,2.7840953761416626E-4,53.01477100726056,0.7563433883278903
1.08589,51.126941,train,1.2745169420771965E-4,26.55017138610938,0.4760663481853281
0.265557,51.456573,train,1.9205229918197025E-4,38.80502011974393,0.6224384950932775
-3.2343,54.159973,train,3.0367452948917447E-5,4.322325718111007,0.14273916955040233
-1.207919,50.834598,train,4.569474891848912E-5,6.633583853304419,0.20685380281073795
-1.178514,53.179269,train,2.1740843306942238E-4,42.70375375673492,0.6679996316393535
-0.478609,51.565258,train,2.1436109189476986E-4,42.2095097751336,0.662828695758183
-2.4246,52.777499,train,2.9151782850557007E-4,55.912306379289696,0.7720151320328121
0.567664,52.345147,train,5.264392145344485E-4,97.04986313176127,0.9307418718462719
-2.69053,52.76209,train,2.128121013447036E-4,41.86188177245626,0.6601694679073864
0.211506,51.529549,train,1.9967363758533466E-4,40.25952339733466,0.636753839989586
-1.489647,50.939763,train,7.768140486466529E-5,13.48411968650099,0.3256275992472245
-0.0203632,51.5410043,train,9.242018979620019E-5,16.651138503625415,0.37419892939104515
-1.042854,52.548976,train,2.9995590607511167E-4,57.60882174212688,0.7815659162302716
-0.716285,53.624646,train,5.767591910517727E-4,99.30300936822104,0.9463417480575469
-1.359909,51.683067,train,2.3476021309109962E-4,45.436359790500745,0.6959677000617792
-1.58361,52.286904,train,3.433908207887156E-4,67.48796875203674,0.8247527798748995
-0.941692,51.442663,train,1.4596771952107442E-4,30.785329979530964,0.523027765015939
-2.744465,52.666022,train,1.8386048772474654E-4,37.54339125416844,0.6064219200723714
-3.260533,54.141275,train,2.8655214181041493E-5,4.036081123525579,0.13526240825993963
-0.472486,51.316992,train,2.270234838945538E-4,44.181010915132234,0.683800950659067
1.357648,51.232473,train,1.6880663600089848E-4,35.26221067645213,0.575196240404241
-1.034067,53.281561,train,3.7357357411679185E-4,75.21303969667477,0.84962662900709
-1.964585,52.521374,train,1.3627230769208004E-4,28.435149483613237,0.4989880242094701
-0.06962,51.18829,train,1.6397003947814378E-4,34.26777599188792,0.5646471556603908
-0.006014,51.710107,train,1.8070558449781319E-4,36.96386730688495,0.6000737987192393
-1.065591,51.470242,train,1.8642807497978482E-4,38.006458667933714,0.6115138295876749
-0.649653,50.926643,train,5.445093071823344E-5,8.16684118236624,0.24130542943094946
-1.634956,52.282578,train,3.3233489428338985E-4,64.50614312228801,0.8146456424955117
-1.485246,52.551726,train,3.06207212014258E-4,58.76536552642889,0.7883826131327949
-2.226381,53.271772,train,4.493444746857248E-5,6.521050037170366,0.2037895413805063
-1.496483,51.562798,train,1.6911617267679788E-4,35.301313184597824,0.5758626001971037
-0.284668,53.079851,train,4.1596680051373986E-4,82.97180440115935,0.8787180756191755
-1.700282,52.377159,train,2.9108521157556925E-4,55.7717083821434,0.7715143655832103
-1.32672,53.270088,train,1.943249039100172E-4,39.265078642500384,0.6267652308827228
0.776129,52.9744,train,4.038798431243902E-4,81.23949792744774,0.8710507919275141
-0.667859,52.342612,train,2.9948167102115725E-4,57.486067589592665,0.7810399164051105
0.550064,52.421964,train,5.014129070389312E-4,94.45275695730638,0.9213690685020485
-1.38154,52.8625,train,2.3708723240253868E-4,45.77696591986722,0.6995347456837429
-1.212635,51.291484,train,8.249089890020371E-5,14.505770721561047,0.3418779388120262
-0.937395,53.550408,train,5.173558351666069E-4,96.09654855259599,0.9274766759212479
-1.068424,53.253518,train,3.394130208194152E-4,66.20662683956758,0.8211814387349017
1.2519,51.37641,train,1.853889309448705E-4,37.855724224556944,0.6094610355238445
-0.414877,54.200814,train,1.3402780594716783E-4,27.950150145375776,0.4932522582581944
-0.860173,53.895758,train,4.808418023427276E-4,92.11097292636912,0.9127223366518731
-1.476654,53.27084,train,9.410619616570451E-5,17.002066914508678,0.3795272360430061
-1.185339,52.937053,train,2.9500753993998114E-4,56.56496009048993,0.776014645578765
-0.174316,51.309126,train,8.84369030809549E-5,15.79857534636894,0.3614280385899097
0.618482,52.768917,train,3.88347601196854E-4,79.18794407243584,0.8604821338539618
-2.026578,51.2312892,train,8.782274614306044E-5,15.649883118200705,0.3594359212491589
0.681256,52.559793,train,4.751865489545612E-4,91.5436096640789,0.9101828418428013
-0.483924,51.644007,train,1.9557885959849182E-4,39.59517134038933,0.6291313314861836
-0.921647,51.469007,train,1.9191073060195515E-4,38.76316726994335,0.6221673138376265
-2.239371,52.507202,train,2.6993610015699405E-4,51.367473923611804,0.7456441672301863
-0.162141,52.448669,train,3.275198701591008E-4,63.40598614612172,0.8100635486108476
0.516944,51.446947,train,2.543059050606935E-4,48.33039341701798,0.7246604503644063
-1.020705,53.537636,train,4.920829059874165E-4,93.28628447942499,0.9175589378059578
-2.984322,53.627477,train,1.0020364684137246E-4,18.691535222438663,0.39842117026319335
-0.058267,51.457888,train,6.493843042901099E-5,10.402011720657553,0.2806051506123457
0.610415,52.447623,train,5.02993294236212E-4,94.64799942061555,0.9219967896769949
-1.339123,52.4611,train,2.9811650644219674E-4,57.25610592533715,0.7795186564187004
-0.054443,51.547751,train,7.356919398517214E-5,12.38317028630638,0.311415410816517
-1.06965,53.266113,train,3.4520375197930807E-4,67.89712672225254,0.826356714201318
-1.626151,52.457859,train,1.6530899687882363E-4,34.60622934863556,0.5675935003908787
-0.991237,53.157605,train,3.311060642994834E-4,64.19640571510585,0.8134868710852619
-1.338207,52.669213,train,1.7551868476826374E-4,36.17397984286901,0.5894136883301045
0.678144,52.557165,train,5.035685611743683E-4,94.71224280557689,0.9222240364226332
0.595189,52.438966,train,5.169788395098158E-4,96.00714159199741,0.9273378794378532
0.229384,51.45277,train,2.3294057339359696E-4,45.18936573110179,0.6931489290731498
0.87448,51.87998,train,3.70459619647134E-4,74.15981448271116,0.8472329481143106
0.753532,52.97043,train,4.0494706664956245E-4,81.38788220443818,0.8717468547478465
-1.185308,52.819739,train,2.7313352769010255E-4,52.04019692856077,0.7497355962897634
-0.24750257,52.09924976,train,2.370841740436185E-4,45.77620796196217,0.6995300851544473
0.293418,51.438045,train,2.483544349835335E-4,47.56619909759625,0.7162229690422801
-0.349238,51.372422,train,1.986807347816746E-4,40.14262136422914,0.6349200446228391
-1.080317,53.258105,train,3.1479333504029375E-4,60.757586196998446,0.797399904063155
0.576605,51.471282,train,2.287931914528033E-4,44.57538482493581,0.6866262451260281
-1.204848,51.741014,train,2.1800802652508977E-4,42.801452692293246,0.6690076871610076
-0.876969,53.266701,train,3.70671446511151E-4,74.28253128504376,0.8473969793801592
0.1806876,51.5018344,train,1.7192136001693167E-4,35.67704762484754,0.5818540500662219
-1.699917,52.431099,train,3.169312346203277E-4,61.25672516127914,0.7995847649185498
1.00991,52.370676,train,3.755875509407024E-4,75.85708475773461,0.8511547525802841
-0.554502,51.469552,train,2.1224318459196864E-4,41.74276940581745,0.6591875233248614
-1.302407,52.502693,train,3.132520728978825E-4,60.42060520321251,0.7958100260190459
-0.351872,51.238919,train,2.0960457251755602E-4,41.354514519911014,0.654596078970896
-2.441807,52.161438,train,1.4158243975369528E-4,29.74268719321026,0.5123007718326213
-1.633472,52.462377,train,1.6530899687882363E-4,34.60622934863556,0.5675935003908787
0.587301,52.304252,train,4.74682198914512E-4,91.45623851275326,0.909952805692708
-0.348968,50.824617,train,1.6703832113792015E-4,35.03892370622571,0.571369350178079
-1.646769,53.823801,train,1.3658699307120097E-4,28.48845560580833,0.49978698841326885
0.004723,52.396504,train,3.806288581711883E-4,77.38749039556843,0.8549121503013999
0.119652,51.414338,train,1.1241549702004471E-4,22.27946168413726,0.4345491555102913
0.625647,52.456279,train,5.143693127704876E-4,95.65308258316117,0.9263698334008698
-1.788319,50.844332,train,1.0471312023756345E-4,19.96939361481488,0.4120234200301648
-0.1061333,53.2083418,train,4.193076533270465E-4,83.57091629307891,0.8807557205985481
-0.782493,51.287803,train,1.1887788730639373E-4,24.05352146121158,0.452781379513029
-1.048902,53.255162,train,3.4611485608642626E-4,68.09079278697348,0.8271572341464368
-1.316936,51.708046,train,3.000630018652378E-4,57.64592188289625,0.781684526974463
-1.634216,52.372479,train,3.172237912422109E-4,61.40316821160468,0.7998819094067112
-0.693991,54.343476,train,1.8338184368539874E-5,2.3010106268734143,0.08881090004417458
-1.078214,50.840885,train,4.824672167118007E-5,6.975064120216901,0.21705311774083347
-0.019119,52.356445,train,3.737649530900152E-4,75.27193052572714,0.8497725116333534
0.111084,51.540393,train,1.3270643389460716E-4,27.625647211069275,0.4898448659675372
-1.312216,54.168832,train,4.382741920568291E-4,85.89230690032318,0.8916916192779237
-0.131572,53.167449,train,4.6661320600284347E-4,90.27326503109326,0.9061913554050085
-2.676199,53.270069,train,8.115902191466686E-5,14.260612792176195,0.33741739978972407
0.917822,52.422448,train,3.8637345331353983E-4,78.78148803690715,0.8590782389261381
-1.217211,51.02175,train,4.16714704386817E-5,6.036080015070884,0.19050368621429492
-1.349195,52.276855,train,2.972953494925419E-4,57.07124718899885,0.7785985208185673
-0.388585,51.295185,train,1.7860717820749437E-4,36.658626042758215,0.5957949038596029
0.552749,51.532735,train,2.591306278969984E-4,49.38828304602611,0.7313160551608192
-0.345997,51.4623,train,2.134847059661513E-4,42.00631104172745,0.6613267277472786
1.200955,52.167788,train,3.147762760039163E-4,60.75206423328247,0.7973823748632412
-0.19397,52.90363,train,3.808603466959746E-4,77.44941453090671,0.8550823876177119
-0.696831,54.253627,train,1.109673266988725E-4,21.677612007119627,0.4303808503801554
-1.220223,50.84192,train,5.794514997949048E-5,8.809362825825236,0.25463216599006655
0.758649,52.4528,train,4.960991390420325E-4,93.86856738853518,0.9192211868888365
-0.47063,53.518383,train,4.5207995020617376E-4,88.3391695568752,0.8990157484197501
-0.215852,53.119295,train,4.3714651128826343E-4,85.73479499133695,0.8910704071835875
0.081484,51.365561,train,1.0664370552852093E-4,20.47124429455006,0.4177523534820172
-1.48529,52.965638,train,1.6558594896123115E-4,34.68324184855829,0.5682004337983524
-0.30114,51.313283,train,1.57256890936294E-4,33.038737655975645,0.5495696000957955
-1.568951,52.286851,train,3.433908207887156E-4,67.48796875203674,0.8247527798748995
-0.782307,50.995996,train,5.915610786401836E-5,9.054300757110354,0.2591958536383233
-0.768886,51.5714332,train,1.808992139983122E-4,36.98925126869755,0.6004663417961582
0.081035,51.513951,train,1.3484753061042182E-4,28.162257538244113,0.4953546156362775
-1.353505,51.472182,train,1.5141295763622343E-4,32.01244850360189,0.536019768535835
1.07057,51.973394,train,2.8581100784772184E-4,54.405666262763184,0.7653201493046946
-0.175376,52.5734,train,3.606886749667568E-4,71.5232446247698,0.83947189704929
-1.035886,53.200673,train,3.2873093673626625E-4,63.75151174234778,0.8112265827018408
-3.052241,53.622405,train,1.2698611838556803E-4,26.45954942362156,0.47482775491951845
-1.067422,51.380338,train,1.350232504649752E-4,28.206074200047205,0.4958041499010418
-0.201643,52.436239,train,3.521747685202127E-4,69.28494259601625,0.83238853942803
-0.270226,53.439239,train,1.855744383609182E-4,37.88263316340858,0.6098282929016912
-1.772324,52.09291,train,3.3810913801045486E-4,65.89809212191493,0.8199950225273706
0.644528,52.770587,train,3.812743060121197E-4,77.55945795986706,0.8553863166480227
-2.414906,52.685614,train,1.2104897561112155E-4,24.805007745823268,0.458773750683814
-1.173322,53.448901,train,3.064579993486727E-4,58.87573697782497,0.7886515993021084
0.136289,52.533569,train,3.920821045779683E-4,79.54095335144022,0.8630997475263178
-1.875554,52.474117,train,1.8409556855619104E-4,37.60101790573848,0.6068908828983093
-0.015817,51.548768,train,1.1133961008687369E-4,21.806583089290662,0.43145532824834576
-1.171573,53.538776,train,3.774441927034585E-4,76.3795811540894,0.8525497363263334
-2.72111,52.69064,train,1.923635287429587E-4,38.897137754598816,0.6230339858204352
-1.906375,52.170726,train,2.8679940251771156E-4,54.73772809047335,0.7664936066396165
0.809721,51.174966,train,1.5242454789859188E-4,32.199105881036985,0.5383940909901859
-0.302291,52.630581,train,3.421530594538102E-4,67.00982351406977,0.8236492068722967
-2.6200877,53.459753,train,4.6162545293788574E-5,6.702823378353196,0.20873331083336955
-3.096457,52.786451,train,8.009607266722417E-5,14.077133938431183,0.3338358345483139
-0.187849,51.819654,train,2.194643163374051E-4,43.06768379846539,0.6714433213797834
-2.363485,51.743139,train,1.7726056845295278E-4,36.430764722820186,0.5930249243042166
-0.584963,50.948359,train,1.1193117772659296E-4,22.077822567627923,0.43315853292257167
-1.124681,53.214393,train,2.889293378318684E-4,55.26087411991645,0.7690024340183986
-2.650557,51.562072,train,8.196406334156175E-5,14.408796364255133,0.3401171347789871
-1.330921,53.000438,train,1.837024935035282E-4,37.504421534540406,0.6061064230390214
-1.131505,52.652596,train,2.865347635517676E-4,54.60172687271329,0.7661799942513463
1.4894458,52.7323499,train,1.8721140170660166E-4,38.12536768999679,0.6130541294794793
1.173332,52.600228,train,2.985308624734638E-4,57.32592359253361,0.7799815044579044
0.228956,51.488301,train,2.0895364923404988E-4,41.26558809566443,0.6534539285865764
0.579321,52.305776,train,4.625532740482628E-4,89.79046807242207,0.9042397606893231
-2.849262,52.884668,train,1.258692693646666E-4,26.20107090740355,0.47184459895991615
0.119027,52.174211,train,3.199497097679123E-4,62.143916453435985,0.8026294859871844
0.416109,52.258423,train,3.924459819920258E-4,79.67587621592429,0.86335215827154
-0.785359,53.139502,train,4.048641027146823E-4,81.37615066326101,0.8716928790952132
-0.241831,51.574943,train,1.4036130717033415E-4,29.516840059475506,0.5092710024432237
-0.566382,52.688014,train,3.630571076145462E-4,71.99634689646727,0.8413886032433051
-0.6613311,51.9430066,train,2.5058508025501726E-4,47.9119190413171,0.7194152612368943
-0.566629,53.205077,train,4.30614971523085E-4,84.83232152255724,0.8874016106617578
-2.97197,53.088239,train,1.6046513215465846E-4,33.62797450888864,0.5568392826188474
-1.335055,52.730775,train,7.559573230388987E-5,12.900131842511472,0.3184563627515885
0.676729,52.582376,train,4.6606542246854007E-4,90.22337140414858,0.9059303770974763
-2.846268,53.264039,train,1.9107851417427772E-4,38.66691163888838,0.6205692217072769
-0.18646,51.219387,train,1.4610807368524995E-4,30.8072028030222,0.5233671659272707
-2.66431,52.645822,train,2.58019218893835E-4,48.99474717358272,0.729797294445525
0.0095509,51.5002227,train,1.198047364682785E-4,24.3366321923956,0.4553476283129716
-1.1320424,53.0189527,train,2.629075215615312E-4,49.94075794709832,0.7364137379331445
-0.617127,53.18756,train,4.2314669667616603E-4,83.92383612583922,0.8830549837371309
0.859257,51.281697,train,1.785060569151395E-4,36.63988434574267,0.5955875534345171
-0.3282411,51.4977189,train,2.146190757453561E-4,42.267683824605506,0.6632695633815998
-0.2101135,52.9060032,train,3.75857707894554E-4,75.93136124060429,0.8513585519326515
-1.493808,52.448377,train,3.175100659017846E-4,61.529736301500385,0.8001722469432887
-1.60484,55.02814,train,1.3849866389237914E-4,29.056692492845205,0.5046132810245649
-1.595647,52.574629,train,1.648159770464657E-4,34.47440911711527,0.5665109482055486
-0.397235,51.376236,train,1.6681061129485115E-4,35.010117152807446,0.570874053983513
-1.412564,53.023342,train,1.2092111364354468E-4,24.745277224012813,0.45842266734410775
-1.054758,53.261501,train,3.543217640877223E-4,69.77950470046696,0.8342037277728722
0.6117448,52.5161887,train,5.256570974597377E-4,96.99759855384526,0.9304666053799385
-0.160369,53.526911,train,4.0050530597909303E-4,80.81457472992692,0.8688249018332749
-0.883548,52.229766,train,3.0037033174290295E-4,57.752387148343,0.782024543518211
-1.487338,52.371933,train,3.590168124703235E-4,70.98259553722248,0.8381049763880174
-2.674784,53.180187,train,4.486937072800227E-5,6.511417891974887,0.2035267116400271
0.572884,52.434958,train,5.203107270631887E-4,96.4815861630193,0.928555419742582
-0.789569,51.018103,train,5.798628602274354E-5,8.81734047807437,0.25478765404319015
-2.40621,51.73609,train,1.4746758239129917E-4,31.03116781904988,0.5266422221149525
0.56539,51.284011,train,2.1955986368390302E-4,43.08171612513335,0.6716024956522233
1.293459,52.655854,train,2.6187378002371785E-4,49.79449948568034,0.7350281858520236
-0.205645,51.370311,train,9.355047982952359E-5,16.897354006269644,0.37777603018085126
-1.350951,51.651998,train,2.574473864024126E-4,48.832593156644975,0.7290125331153423
0.421006,52.348245,train,4.3135052695235696E-4,85.00301507473392,0.8878208740475388
-0.588999,52.90405,train,3.8184656196940935E-4,77.71019848462952,0.8558054177524159
1.399773,52.8182,train,1.5507503035119897E-4,32.71788217135716,0.5445576245609205
-1.335328,52.712797,train,7.545176943482811E-5,12.865892996669167,0.3179585662032801
0.580366,51.423084,train,2.354295742073777E-4,45.53527540486438,0.6969980681860619
0.595717,52.447947,train,5.224607632617268E-4,96.78034857575187,0.9293302356961312
-2.782714,52.654988,train,1.078575715013577E-4,20.75577915157899,0.421325834717454
0.137789,51.616302,train,1.3650723836543783E-4,28.47494555935203,0.49958461740155957
-0.941938,53.155379,train,3.432489163604853E-4,67.42773158140804,0.8246266109104261
-1.070439,53.163957,train,2.7330234207249317E-4,52.06466774237011,0.7499497727764775
-1.494117,52.421408,train,3.5181593496496375E-4,69.23061218228398,0.8320832293327179
-1.37359,52.671607,train,1.6331166390772797E-4,34.16022853071141,0.5631910612795341
-1.607719,50.954921,train,9.580870116566988E-5,17.497421565149825,0.38486164949357826
-0.31345937,51.71441708,train,2.20875922124057E-4,43.27398532215634,0.6737871142468053
-3.25233,52.456312,train,7.072323051247444E-7,0.027260746535098516,0.0035804088083004615
0.445878,52.79733,train,5.698135069715361E-4,99.00439175977557,0.944417892735726
1.179808,51.354376,train,2.474378694915002E-4,47.42370968288545,0.7149007612649747
-1.618356,54.937221,train,1.334099601813993E-4,27.770656988478926,0.4916618754610115
-1.581063,52.556598,train,1.4747553830675396E-4,31.034349039161903,0.5266613215305963
0.580732,52.330025,train,4.90291572419225E-4,93.04052786041478,0.9168065469871872
-0.258338,52.116997,train,2.475528538751772E-4,47.44411654405516,0.7150669713833269
-0.540684,51.451397,train,2.121802661937282E-4,41.732964681068,0.6590787527054605
-1.2754226,54.5258636,train,3.76856625349342E-4,76.24391008204027,0.8521096887618157
-2.75078,52.689356,train,1.9118526951749108E-4,38.67925915161193,0.6207745996403903
-1.509419,52.367532,train,3.5389523146209164E-4,69.70037601797794,0.8338446851520807
-1.780653,52.462741,train,2.3587839113521305E-4,45.59868799028016,0.6976869894743609
-1.173919,53.223733,train,2.5601072099499676E-4,48.56567255322789,0.7270308365466486
-2.957379,53.069929,train,1.47675164249602E-4,31.11417065967545,0.5271403025574926
-0.165871,52.358814,train,3.8533130551215126E-4,78.45486994593149,0.8583314381501661
0.590694,52.236734,train,3.724178333510468E-4,74.86606291299256,0.8487426255460697
-2.887584,53.340594,train,1.7432804211112496E-4,35.99617550942398,0.5869268532934007
-2.891025,54.024725,train,3.3510585111054215E-5,4.786872614015285,0.15629630303278064
1.312394,52.092755,train,3.34917225691113E-4,65.07218826871022,0.8170573416936048
-0.273866,53.349395,train,3.908353734507936E-4,79.43001549616585,0.8622313872298731
-1.59721,52.403824,train,2.960978722376859E-4,56.763266448662435,0.7772498175854321
-1.699672,52.467059,train,3.034119327737295E-4,58.47948250458965,0.7853612162705655
0.007653,50.907747,train,1.8147626250591427E-4,37.069348843902304,0.6016339026176715
-2.418974,52.778238,train,2.789722469161871E-4,53.123219486848285,0.7570377598460404
-0.804489,51.737174,train,1.5695853828037284E-4,32.99574939782581,0.5488875199903656
-2.496568,50.663612,train,8.543087157874566E-5,15.123039936536154,0.3516180778379763
-1.551473,52.56548,train,1.8422588705816937E-4,37.632963593783266,0.6071506145330907
-5.138821,50.147848,train,1.8982993585056836E-5,2.399260813060414,0.09178584535099699
-0.254819,51.514619,train,1.393242476307824E-4,29.24542988102887,0.5066831638474762
0.442246,52.864842,train,4.915827591806213E-4,93.21766407922124,0.9173495549258402
1.251491,52.058476,train,2.9597563325578675E-4,56.73762567874717,0.7771116800874989
0.564546,52.29126,train,4.468846934743967E-4,87.57800300109612,0.8963195993519567
-1.106823,53.136953,train,2.2841821485335007E-4,44.5034831830605,0.6860297196751508
-1.163209,52.424025,train,2.582558318618816E-4,49.06833500010405,0.730121348042914
-0.102716066,51.60865021,train,8.55243698624451E-5,15.14419087050547,0.35192546146880754
0.843638,52.06903,train,3.281738274772133E-4,63.508758151354805,0.8106924562763282
0.065352,51.006119,train,1.6355976562035783E-4,34.20050846624977,0.563740345647578
0.756195,52.402903,train,4.978480426836289E-4,94.04438429704273,0.9199345126037518
-0.893146,52.637574,train,1.5847313300708038E-4,33.21262125913352,0.5523394620709292
-1.409845,52.124335,train,2.2911178822286485E-4,44.63647565272879,0.6871321889900386
-1.927393,52.732616,train,9.841622554878374E-5,18.202416436813788,0.3929429612151659
-2.601526,52.701894,train,2.800024707509748E-4,53.33756804515475,0.7583039107095559
-1.160131,52.585827,train,3.219923481837283E-4,62.444671650470404,0.8046636001701285
-1.610505,54.88548,train,2.4863680897228716E-4,47.6040716172667,0.7166290757419435
0.193112,51.520317,train,2.02444711814693E-4,40.632774564416124,0.6418231652965177
-0.27019,52.112675,train,2.4921814234673927E-4,47.68204112060588,0.7174633131231984
-1.080801,53.165521,train,2.6890854388918336E-4,51.136868264633364,0.7443151561179548
-1.536438,54.547231,train,2.634218237741532E-4,50.013523766764486,0.7371003699558394
-0.176946,52.089241,train,2.593059617419552E-4,49.43913436561365,0.7315548712365767
0.815227,51.884,train,3.781207959468525E-4,76.5279059875081,0.8530548438847353
-0.640642,51.818521,train,1.688413159563562E-4,35.26659163628385,0.5752709502526635
-0.025928,51.523444,train,9.440365858470402E-5,17.076877925697694,0.38046259097444923
-0.35567,51.19266,train,1.1320585851972876E-4,22.525023101517384,0.4368111923232748
-1.24327,52.647743,train,2.7549936059975726E-4,52.47990886632173,0.7527204939267357
-1.9896034,50.7361851,train,1.1311347488053564E-4,22.492669001988055,0.4365472554959424
-2.500549,52.671799,train,7.274910519478218E-5,12.141650143025748,0.30854548407044724
-1.114481,52.982393,train,2.4192097518950344E-4,46.610370122317114,0.7068111104157164
-1.386219,53.564788,train,2.370167599257596E-4,45.7595261933162,0.699427336709043
-2.465762,52.529451,train,1.7391279725281793E-4,35.94251211454816,0.5860560144774378
-0.953305,51.43508,train,1.4831119154153693E-4,31.316096210571132,0.5286631519395866
-1.0818844,53.9623008,train,5.902721065237322E-4,99.59876718785151,0.9498959167127672
-3.225066,51.467561,train,1.7793379171680833E-5,2.2159473720597807,0.08628974791946187
1.370771,52.757106,train,1.62598144877867E-4,34.044386925977804,0.5616075094807894
0.420909,52.748388,train,5.129383848337776E-4,95.50393519659511,0.9258335436009902
-1.610244,52.592657,train,2.1566553111171635E-4,42.44436344627084,0.6650519433881596
-1.378218,53.337784,train,1.704665320755737E-4,35.47189867739742,0.5787574018460451
-2.782016,52.905356,train,1.391525436569385E-4,29.20617649211555,0.506253385472768
0.628859,52.510162,train,5.222909736239792E-4,96.7547795364857,0.9292693548063166
-2.809248,52.370272,train,3.388274207399023E-5,4.849557893044666,0.15788724916796393
0.480111,52.747164,train,4.690085684139911E-4,90.78803423135119,0.9073240893809811
0.169848,52.225216,train,3.3072526364808007E-4,64.1496593195044,0.8131263126199956
0.22689301,51.11124242,train,1.491801246171829E-4,31.491869647088905,0.5307357270917117
1.636558,52.753295,train,2.3044309021337262E-4,44.86937130320236,0.6892375244204361
1.254806,52.6263,train,2.647851470294326E-4,50.25450924740742,0.7389118661559955
0.131939,52.443732,train,3.7685999278485547E-4,76.24504429008213,0.8521122144775339
-3.04068,52.810327,train,1.0326464355830561E-4,19.643512327901014,0.4076881427872262
0.307793,51.437763,train,1.8126485479834934E-4,37.0392054645305,0.6012065511539704
0.63412,52.363917,train,5.258202341772514E-4,97.00849754340183,0.9305241115795407
-2.196488,52.455544,train,2.7726933303440736E-4,52.84049313543754,0.7549303092942323
0.86205,51.3266,train,2.606307560765706E-4,49.64097138122125,0.7333524791979786
-1.31162,52.667263,train,1.7383505722584757E-4,35.93246552713952,0.5858927765597548
1.426206,52.053521,train,3.227432331216078E-4,62.56986999304491,0.8054060704153371
-0.141657,50.849919,train,1.7299738432115393E-4,35.824210431472295,0.5841297482329546
1.320732,52.596184,train,3.1597955288086737E-4,61.08183969875233,0.7986151034529011
-1.66956,52.556878,train,2.868393109987604E-4,54.758237549472454,0.7665408639705259
-0.459434,52.363006,train,3.8624496159263375E-4,78.73948371399189,0.8589863752359084
-1.334781,52.748753,train,1.4503911854417612E-4,30.595238068188703,0.5207761482973987
0.761556,52.039507,train,3.71414506924586E-4,74.44525502823754,0.8479709879131362
-2.900521,52.776413,train,1.159720130810957E-4,23.22239254232522,0.4446569851099502
0.057409,50.826388,train,1.0318984736118471E-4,19.624836375758726,0.40746341256342655
-4.071245,51.697115,train,9.069649577837946E-6,0.7678353373828443,0.0449562009190676
0.687437,52.985431,train,4.1032563453190934E-4,82.17136257163463,0.8751980848917846
-2.377913,53.451161,train,3.224366717015786E-5,4.588407374424943,0.15085774709078437
0.2095949,51.4910679,train,2.496466434435914E-4,47.739512477266494,0.7180766571364265
-2.003852,54.747308,train,2.8128923501321738E-6,0.16130363007082543,0.014164724651627991
-3.247673,55.933383,train,8.502451653894515E-5,15.031115376267772,0.35028045613582126
-0.47486,51.913643,train,1.5565758698120221E-4,32.80624197720216,0.5459012534768772
-1.07756,53.9876,train,5.606953943234487E-4,98.77740964610705,0.9417872034839206
1.280039,51.379945,train,2.2325395652138843E-4,43.58386683259118,0.6776977928492631
-4.082447,50.37367,train,1.522745157774687E-5,1.7900432894498317,0.07432148926678772
-0.156905,51.242306,train,1.244626251564282E-4,25.746072494585626,0.468063263536982
-0.600363,52.289125,train,3.412070036265611E-4,66.69095518210686,0.8228010315160093
0.281731,51.492232,train,2.0895364923404988E-4,41.26558809566443,0.6534539285865764
-3.227481,51.557454,train,1.5106225259812674E-5,1.7693635267582064,0.07375219111512543
-1.475554,53.360723,train,1.5318772379313735E-4,32.37138679991755,0.5401773111221007
-1.781098,52.372842,train,2.0523537270769176E-4,41.02100038120422,0.6468568268387023
-1.404996,53.571624,train,2.3753647326739554E-4,45.88830199051153,0.7002185439960349
-1.847211,52.36845,train,1.6092997537279615E-4,33.71455992241093,0.5578828129867925
0.43585,52.617701,train,5.269246187972613E-4,97.10983489663846,0.930912161803782
-0.644421,51.106437,train,1.1042085763961523E-4,21.51843237095235,0.42879996171408696
-1.472218,53.630364,train,1.995216782499608E-4,40.241632063773025,0.6364737839487058
0.441238,52.846879,train,4.883664018629828E-4,92.84515395149694,0.9159902852651244
1.06411,51.339518,train,2.5514176321808055E-4,48.43991239304069,0.7258251934661533
0.41568,51.300687,train,1.7791112232278116E-4,36.529619893871185,0.5943654773004929
0.507113,51.267287,train,1.7438607974588517E-4,36.0041538688371,0.5870484220341169
0.013717,53.075175,train,4.2916185643067335E-4,84.57040760664022,0.8865687302521092
0.675359,52.341408,train,5.157598745498363E-4,95.80042172073266,0.9268872790245741
-0.468738,52.093392,train,2.2841642613069898E-4,44.503063276642415,0.6860268713951391
-0.034612,52.222279,train,3.5531221018691403E-4,70.02795079018638,0.8350344664988019
-2.377022,52.408852,train,2.907921632285082E-4,55.687981997795916,0.7711745290119454
1.491075,52.759919,train,1.877085309626128E-4,38.200831926882266,0.614028493710269
-1.480258,52.349427,train,3.595292837352817E-4,71.12612973080188,0.8385252072302323
0.5701273,52.5769238,train,4.939073903069336E-4,93.51683611706248,0.9183182583208179
-1.328127,53.180206,train,1.0576805334684386E-4,20.25068419182867,0.41516084133668507
-0.322833,52.091407,train,2.379249094927499E-4,45.9845687516412,0.7008085357506038
-1.305725,52.712628,train,9.594695152554028E-5,17.54053552839586,0.38529280704177726
-0.01104,52.536137,train,3.8662908495542956E-4,78.8437541127896,0.8592608219270711
-0.547275,51.854765,train,1.6344430900824865E-4,34.18176379559055,0.5634848166546091
0.520613,52.935137,train,5.447756888304655E-4,98.28066421643626,0.9368922012185377
-1.423174,52.223297,train,3.5917767920613135E-4,71.029261769108,0.8382370061268594
1.221069,52.74733,train,1.8914369873872103E-4,38.416532040729635,0.6168276522733067
0.50264,52.881567,train,5.7617386136702E-4,99.29099652682429,0.9461822222268669
-3.040124,53.128115,train,1.0078704189833307E-4,18.915180706982195,0.400198475919766
-1.465381,54.169609,train,3.786546261773038E-4,76.74665121138382,0.8534521450435494
0.189861,52.276325,train,3.873258617105726E-4,79.01347314282883,0.8597572892841621
0.190304,52.285309,train,3.976307429845467E-4,80.50640624177414,0.8668985217488532
0.076136,51.406124,train,1.286796970231151E-4,26.768539577201043,0.4793192662941763
-1.098887,52.693257,train,3.0632727196655345E-4,58.818203885352865,0.7885114281405282
1.214935,52.656978,train,2.2644832616954474E-4,44.0640836671301,0.6828772521257966
-1.038923,52.728746,train,2.9408437981872385E-4,56.423017894227016,0.7749634999451817
-0.319454,52.181273,train,2.902242075787711E-4,55.530776825304926,0.7705144535467645
0.826837,52.83832,train,3.884992682686604E-4,79.21384105289229,0.8605894100271752
-2.637034,52.125032,train,1.9365803798703906E-4,39.15806014368972,0.6255007728863018
0.822189,52.272341,train,4.249792453592514E-4,84.09458526862728,0.8841368405680321
1.280614,52.057668,train,3.032701797491399E-4,58.436451571813734,0.7852068523433727
-1.059221,51.475451,train,1.585333319089504E-4,33.22122777112215,0.5524761154109984
-1.464273,52.457237,train,3.278744385501196E-4,63.461707985342734,0.8104047942227973
-1.743024,52.983614,train,5.484480955116912E-5,8.243770093911287,0.24281949637939693
-3.085407,51.648772,train,3.6352076788296917E-6,0.21943554617860717,0.01826758380454907
-2.249625,52.197334,train,2.5930478675501435E-4,49.43879358921389,0.7315532715348033
0.453664,51.340368,train,2.9181239711257396E-4,56.00803947084217,0.7723554753927726
-2.440999,51.522586,train,1.010549334528535E-4,19.021164245189215,0.40101284402864046
-1.363842,53.546694,train,2.4882066320120155E-4,47.62873048521622,0.7168931801277898
0.178989,51.505293,train,1.7311829880242542E-4,35.83983658896677,0.5843846965688686
-1.166268,53.808392,train,5.875149267172644E-4,99.52368901342939,0.9491903673890149
-1.503306,50.933392,train,7.556934488066813E-5,12.893856092925809,0.3183651472026944
0.12502,52.192537,train,3.2234651409921854E-4,62.494338899320105,0.8050141494863313
-1.684374,52.547928,train,2.8870145136780537E-4,55.21616956429404,0.7687353019094803
1.353957,52.618316,train,2.680066552443355E-4,50.97884687979022,0.743142958882427
-0.103731,53.796299,train,3.210819111332005E-4,62.31699447552836,0.8037595650292402
-1.15653,53.193947,train,2.537352631642651E-4,48.25562461130593,0.7238624372780321
-1.699366,52.512008,train,3.0594750976780153E-4,58.741413094587735,0.7881037043062146
0.114768,52.084368,train,2.730292817454893E-4,52.02508575695983,0.7496032468136125
-2.566316,51.405741,train,8.348981401767366E-5,14.754939806109489,0.34520365025333233
0.127613,52.353893,train,4.061855359887288E-4,81.56084632581094,0.8725498985654594
0.003002,52.309765,train,3.640105588859681E-4,72.15012145547341,0.8421537283431066
0.509071,51.303219,train,1.9364721739643776E-4,39.15632365765483,0.6254802204659853
-0.5799293,51.6345846,train,2.0539528623721867E-4,41.031519471008586,0.6471431187571866
-0.247971,53.978276,train,2.682170869871424E-4,51.02544003228627,0.7434169397052224
-0.368336,50.833119,train,1.7517256743944035E-4,36.1220820397202,0.5886923181132518
-2.526265,53.270825,train,1.1311300705851583E-4,22.492526099062733,0.436545918630065
0.6032959,51.3610614,train,1.813446988088171E-4,37.050589951528714,0.6013680061894291
-0.525104,51.287092,train,1.7849414727649183E-4,36.637677027838585,0.595563125576953
-1.128475,52.693478,train,2.697087183556323E-4,51.26581632502947,0.7453506747305287
-0.20915,51.280437,train,9.937622460500639E-5,18.457736035900158,0.39589140367877773
-1.489408,52.192135,train,3.500149737903374E-4,68.92482958349052,0.8305424782308982
-1.93456,51.42953,train,9.857219502673709E-5,18.250095591056482,0.39342296705983504
-2.66236,52.712358,train,2.388849552633286E-4,46.145268461061974,0.7022617626852397
-2.226857,53.361658,train,3.4017650942147E-5,4.872281638362309,0.15846323438997778
0.397138,51.220127,train,1.5686520449435364E-4,32.98215361983103,0.5486739325643726
0.175215,52.276596,train,3.92444480365191E-4,79.67531942458164,0.8633511175953555
1.116263,51.792312,train,2.5965229599731734E-4,49.52590730130888,0.7320259773948403
-3.80777,51.63987,train,1.2738736461130382E-5,1.3490443676579194,0.06256363092124784
1.024767,52.956414,train,2.865849125581219E-4,54.627499063551895,0.7662394560355511
-2.310581,53.50978,train,1.2169645194862007E-5,1.2458880184165446,0.05985406468543908
-1.466536,54.079738,train,3.6525773650639934E-4,72.49378601089542,0.8431489939956149
0.527536,52.7601,train,4.867033636015515E-4,92.68031976763011,0.9152787217067953
0.594236,52.672785,train,4.381861232749761E-4,85.87999872384812,0.891643232109268
-1.325064,51.691864,train,2.427066409185661E-4,46.72574797081831,0.7079770324797112
-3.043154,52.851658,train,6.056530730824745E-5,9.41577296489195,0.26447147980011243
-1.419454,54.713118,train,6.405904208213513E-5,10.213088932718072,0.2773895209894135
0.582069,52.466231,train,4.94484383335359E-4,93.62650354932916,0.9185569346972985
-0.710802,53.804362,train,4.530955079926353E-4,88.45668859715653,0.8995345359254884
0.138047,52.203317,train,3.318088704642836E-4,64.31414166235382,0.8141504924637712
-2.555109,52.600985,train,5.3815482721148656E-5,8.042731129549068,0.23885638784616614
-0.564713,50.981835,train,1.0602628713544857E-4,20.31591256104325,0.4159262869086646
-1.170953,52.696704,train,3.152385644154273E-4,60.901705735779764,0.7978568684820222
-0.137429,51.793239,train,2.1584901015029318E-4,42.47534136292296,0.6653634813929581
-2.9452354,54.8612716,train,3.9944095272116296E-5,5.724208567148096,0.18338082553684287
-0.0219,51.749088,train,1.4378435248488857E-4,30.282540938404534,0.5177167716110345
1.076688,51.945803,train,3.183243957340982E-4,61.74830922488328,0.8009958326610481
-0.212636,51.190563,train,1.569726976528701E-4,32.997811970161386,0.5489199138294438
0.944215,52.38807,train,4.2620215388332306E-4,84.28239792133579,0.8848532188607329
-0.014449,52.149109,train,3.378281586194269E-4,65.84747156925089,0.8197383274005785
-0.872235,53.446439,train,4.753262563028713E-4,91.55815816949944,0.9102464589437724
-0.919592,52.763679,train,3.529648440550955E-4,69.52514741970774,0.8330588123485412
-0.0506,51.637612,train,1.026874314440071E-4,19.49846520759256,0.40595165847371295
0.591741,52.254696,train,3.7220171841478476E-4,74.7761928751355,0.848576747644185
1.178492,52.945879,train,1.8277246643049377E-4,37.257062347648954,0.6042441288366218
-0.577195,53.263501,train,5.20771255843693E-4,96.52592149713115,0.9287220938550533
0.579683,51.665922,train,2.13524238694877E-4,42.01547228452955,0.6613946236152535
-3.997917,50.549055,train,1.0844349937836846E-6,0.0473904931510753,0.005484776730184215
-0.285256,51.873762,train,2.1869018206562818E-4,42.937280843853365,0.6701508272246811
-2.516204,52.870402,train,1.7565231007747698E-4,36.194015996553716,0.5896918486659966
-1.03987,53.256888,train,3.411305957932772E-4,66.66913227787018,0.8227323511835121
0.6827873,52.413817,train,5.394686890755372E-4,98.00949523749594,0.935170574701139
0.736538,52.701057,train,3.8167467793643066E-4,77.66492173565129,0.8556796634212094
0.685732,52.342971,train,5.124810644786455E-4,95.45836213356138,0.9256613246387052
-1.618553,54.170191,train,1.336740304019431E-4,27.847373217923174,0.4923422224839018
-1.217241,52.694097,train,2.1808301989046446E-4,42.816385078813305,0.6691335528416174
-1.395266,53.194049,train,1.1257586060811159E-4,22.328447035146276,0.43500885412092105
-1.3294,52.534359,train,3.0221453790280046E-4,58.16000422655392,0.7840537993273072
-0.307387,51.474788,train,1.7540504583468891E-4,36.15694050240965,0.5891769841448701
0.806034,52.515083,train,4.505700118443612E-4,88.12366380706548,0.8982394548601819
-0.255278,52.120548,train,2.4589869294700927E-4,47.1649672476342,0.7126665211329763
-1.187571,52.658387,train,3.2849204511209293E-4,63.64739700387478,0.8109977310548011
-0.180761,53.083253,train,4.438348273724573E-4,86.79196154213165,0.8947034193268196
-2.532106,52.713014,train,1.1901893274055952E-4,24.094121374341583,0.45317268302028824
0.74696,52.395069,train,4.8541047692309745E-4,92.55343537471875,0.9147213733148719
-0.560744,52.611976,train,3.492616675906647E-4,68.73632048426752,0.8298938267208595
0.707335,52.552005,train,4.5819454379604404E-4,89.25470935051632,0.9020993186658242
-2.680878,51.515594,train,7.641885526555496E-5,13.120446062845796,0.3212955979078296
-0.016508,50.879786,train,1.7236283234261517E-4,35.74047119627599,0.5827892284152305
0.458467,51.33622,train,1.8815617996131747E-4,38.2687846658675,0.6149037779868067
-2.222203,52.462735,train,2.8636280935531624E-4,54.51341824422489,0.7659759929223435
-1.0311479,51.6200238,train,1.6235504843389338E-4,34.00491960836411,0.5610666821564658
-0.537314,51.873119,train,1.8406496069778056E-4,37.593514833790465,0.6068298549269873
-1.930218,50.934427,train,1.0490959497603175E-4,20.0142242207955,0.4126090179878602
-3.441139,54.382378,train,2.9950611950571416E-5,4.265404452705628,0.14092494216418938
0.805104,52.97327,train,3.6151244451803315E-4,71.75029171594542,0.840141163533056
0.571838,52.416996,train,5.252229505571431E-4,96.96859366377818,0.9303133352536359
-1.196141,51.782764,train,3.0354777373695275E-4,58.52071875597544,0.7855090380832848
-0.306427,53.658697,train,4.5676408702260426E-4,88.88302151291094,0.9013864887392847
-2.1198407,51.2088457,train,7.698320633872671E-5,13.28702968678482,0.3232354017609411
-0.046736,51.727472,train,1.6235714373569784E-4,34.00525978586923,0.5610713465157122
-2.593028,51.409071,train,8.11702213284619E-5,14.262674262661932,0.33745503307643565
-1.62946,52.062295,train,3.676242274110441E-4,73.11336712446355,0.8450202694293816
-0.087664,51.804129,train,2.1125404727392966E-4,41.588629767587655,0.6574735225091779
-0.443596,52.812331,train,3.783741738614821E-4,76.63171108683851,0.8532435535668766
-1.070063,52.657074,train,3.3467987323385914E-4,64.99890470394672,0.8168369885230542
1.459485,52.106515,train,4.314449994615579E-4,85.02493843704873,0.8878746097127183
-0.49872,51.194583,train,1.3378983142166696E-4,27.881015093863287,0.4926402834247201
-1.700646,52.323219,train,3.007239876355133E-4,57.83389468968195,0.7824151579081372
0.123309,52.264053,train,3.512997321407247E-4,69.15245473964677,0.8316430473827419
0.214592,51.295671,train,1.1250423695878389E-4,22.30656856731478,0.4348035838133276
-1.189388,53.197771,train,2.572433142020222E-4,48.77472458930225,0.728731920636366
-1.254359,51.680647,train,2.673292657782391E-4,50.82680595261278,0.7422590137719104
-0.965915,53.339868,train,4.2197128219588763E-4,83.83483842093904,0.8823557585872559
0.269721,52.261329,train,3.513185639620459E-4,69.15530603554356,0.8316591261151187
-0.867449,53.626171,train,5.469169780217335E-4,98.3540696649246,0.9375738355652194
-1.71445,52.458105,train,3.015189976434287E-4,58.006133045450504,0.7832906962142987
-2.83786,54.07447,train,3.052336918307874E-5,4.343616688483204,0.14341678263543955
-0.31542,51.256386,train,1.7290081304161198E-4,35.811730222255854,0.5839260152407484
-0.0192315,51.4246385,train,9.703699208372557E-5,17.841439069156426,0.38868171844129895
-1.575404,53.140893,train,4.7251966423068984E-5,6.848340399283733,0.21309313145308062
-1.12994,52.582462,train,3.520369026282942E-4,69.26406854218841,0.8322713032774496
-1.595482,52.592608,train,2.2818006256346366E-4,44.44618888543174,0.6856502694895967
-2.417479,52.645151,train,1.9735261149395286E-4,39.96568328581561,0.632452647685178
-1.006927,53.459005,train,4.2132304446911137E-4,83.78575644102408,0.88196835089675
-1.145961,51.610989,train,2.08385934812311E-4,41.228243919701484,0.6524546986373567
1.134988,52.061635,train,2.947568982610236E-4,56.520256555993384,0.7757297418469857
-1.394534,52.713114,train,1.4928190335722753E-4,31.511442758490066,0.530977892240837
-2.589585,53.399113,train,6.406173123786229E-5,10.213721108142131,0.27739937621140254
0.802606,52.461208,train,4.710707091592919E-4,91.04852057490298,0.9082882852918479
-0.453149,52.542741,train,3.289280714238507E-4,63.81826229970243,0.8114152236481288
-1.0629565,53.1946873,train,2.904614962691265E-4,55.59645626614638,0.7707904606401393
-1.485034988,54.89873272,train,1.5391609804911156E-4,32.535026452546944,0.5418727894443063
-0.184726,53.130961,train,4.772862766461236E-4,91.7618273467535,0.911134237323056
-3.197596,52.046224,train,1.9898940696754726E-5,2.5386289134733446,0.09599504467034836
-3.034609,52.867016,train,5.626935573520547E-5,8.464477631339133,0.24827025839926098
0.525621,52.315929,train,4.400726684525691E-4,86.13483682212812,0.8926750342667075
-0.501724,51.9821096,train,2.370935266177986E-4,45.77852582514221,0.6995443369971492
0.763327,51.355954,train,2.3850906031109453E-4,46.08777559987804,0.7016936109880252
-1.469964,53.810118,train,2.4060124772499566E-4,46.41111367999843,0.7048421583306201
-1.928842,51.83359,train,1.1173643414070692E-4,21.993254218852172,0.43259840344509204
-1.333307,53.328553,train,1.9874536078810968E-4,40.15023027772591,0.6350396837684339
-1.052501,52.099529,train,2.8991604188931134E-4,55.46476763695981,0.7701555082958428
-5.292129,50.168338,train,1.2817300212610083E-5,1.3641724344566546,0.06293707592857378
0.295957,51.44564,train,1.937670425837153E-4,39.17555317774318,0.6257077512085782
-3.232347,51.737238,train,1.8804820310661107E-6,0.09887882572078324,0.00949180995334209
-0.579723,50.816548,train,1.004118158229091E-4,18.751724707473254,0.3990559579465487
-1.80313,51.60998,train,3.0055120948365924E-4,57.79646242531825,0.7822244112579307
-0.598262,52.616472,train,3.465958013369458E-4,68.19335090662408,0.8275783159338873
-3.128318,53.356538,train,1.475012074991601E-4,31.044613018411795,0.5267229391754977
-1.502347,51.023311,train,7.12093075886597E-5,11.75114567272683,0.3031245603453443
-2.68547,51.485445,train,6.22195730318261E-5,9.757553332900885,0.27061664260602647
1.329804,52.618413,train,3.287768519239718E-4,63.77152268989124,0.811270536438472
-1.3418,52.281309,train,3.3967304417073106E-4,66.28142755180266,0.8214170997704706
-1.449781,52.439191,train,3.5464292157356503E-4,69.86006049692259,0.8344735565933716
-1.343128,52.191412,train,2.550154941020075E-4,48.423367882260486,0.7256495577168982
0.274321,52.35116,train,4.006068707114124E-4,80.8269612809785,0.8688924528115889
1.219699,51.379326,train,1.8652711126941753E-4,38.02149237985216,0.6117089083653326
-1.477864,53.460642,train,1.363457863214403E-4,28.447596394258873,0.49917469544387727
-1.035262,53.928527,train,5.401141953010649E-4,98.04256974912948,0.9353824649998241
-1.5352964,53.5960706,train,1.3414054200702028E-4,27.982901606015567,0.4935419123642053
-3.588858,51.475334,train,1.2332835619282956E-5,1.2740347825088865,0.060631849395156534
0.416556,52.656311,train,4.8538126915432584E-4,92.55056891312498,0.914708739924637
0.821934,51.354781,train,2.5087861453230434E-4,47.9675312980112,0.7198326577397347
-2.538677,52.645561,train,8.629945826308897E-5,15.310983414601134,0.35446802633089314
-0.449981,52.632606,train,3.716884597889059E-4,74.50539292365198,0.8481820692402292
-1.364408,52.748915,train,1.6501105967415994E-4,34.52338148285429,0.5669396260806601
-1.19802,53.336709,train,2.584795243665585E-4,49.168224159013555,0.7304273490116339
-0.773974,53.96812,train,2.3351749956796724E-4,45.2547826451475,0.6940454529082484
-0.74541,52.636102,train,2.601695641213581E-4,49.58673653902921,0.7327280597151349
-1.176793,53.269148,train,2.6856054430098877E-4,51.08078815485995,0.7438634913793145
-1.358289,53.314757,train,1.8289770080860218E-4,37.29037091988082,0.6044954113007572
-0.494864,51.531747,train,2.1721435877076724E-4,42.67577891545166,0.6676726905492627
0.450933,52.887142,train,5.053048170691758E-4,95.01257831292935,0.9229059001253239
1.359982,52.626554,train,2.3360919234776688E-4,45.26518636589367,0.6941876989660714
-0.606867,51.32186,train,1.689928565821598E-4,35.28573515641286,0.5755972549510043
-1.015003,51.446,train,1.7231841337321993E-4,35.7340898004006,0.5826952296660493
-1.016536,53.717374,train,5.935933539071187E-4,99.68920554939923,0.9507328117131615
-0.115792,53.526801,train,4.5216213737079636E-4,88.34868014981107,0.8990578323512349
0.801122,52.379859,train,4.7776436059488125E-4,91.81702614937504,0.9113494468017134
0.285807,52.715104,train,4.8593209413718216E-4,92.60462708753026,0.9149466763024031
0.645196,52.536774,train,4.940597242158682E-4,93.53810799796982,0.9183813399624807
-0.277486,53.259548,train,4.680322769656047E-4,90.51738134257528,0.9068640752845311
-1.204038,52.659353,train,2.9811365495588995E-4,57.25546399914317,0.7795154678524692
-1.635692,52.192677,train,3.4343813530037095E-4,67.50805334240042,0.8247948276052408
-0.5137403,51.2817936,train,1.858728623874968E-4,37.92592131896671,0.6104183718395233
0.510227,52.755522,train,5.007876067635059E-4,94.35998442077512,0.921119310145982
0.680246,52.32511,train,4.916244511985947E-4,93.22338424561993,0.9173670292892514
-1.304663,54.618152,train,4.439445516731194E-4,86.82252085947083,0.8947619987946067
-0.9116989,50.7879484,train,5.388351658681671E-5,8.056018899280275,0.2391189704779566
0.972938,52.367115,train,3.8211860344070304E-4,77.7818581565256,0.8560042256623912
-0.787223,51.108005,train,5.296760581060986E-5,7.8425620136483465,0.23557632112993276
0.604787,52.973784,train,5.225045009582831E-4,96.7869351430801,0.9293459100824987
0.449833,51.2685,train,1.8646570759094463E-4,38.012171299505574,0.6115879687435852
0.629831,50.904829,train,1.008501241883966E-4,18.942665154794888,0.40039034045702293
-0.615063,51.371369,train,1.6707387945465022E-4,35.04341369212994,0.5714466421561435
-2.827864,53.359001,train,1.251171147351357E-4,25.93926924410761,0.4698260158723039
-1.349665,51.741904,train,2.665138447755829E-4,50.654358103896904,0.741190911417607
0.739343,52.39075,train,4.946368952039784E-4,93.65824988444054,0.9186199054621638
1.283596,51.198595,train,2.1259643366047215E-4,41.81557116880339,0.6597975610632233
-1.82305,51.57871,train,2.090290228767503E-4,41.27586334682507,0.653586376964348
-0.02133,51.41772,train,8.918521340810544E-5,15.943729239160804,0.36384693293792936
-1.1385,53.309328,train,3.244736365583819E-4,62.939770799975456,0.8071063546654202
-2.658379,52.101494,train,2.0115573649047186E-4,40.47156079349374,0.6394740108142811
-3.035773,52.853521,train,6.516287070701187E-5,10.44922181829898,0.2814235591203065
-0.813307,51.065558,train,6.421856122748694E-5,10.250589209232254,0.27797389456359445
0.468438,51.468214,train,2.5223681118955273E-4,48.113875506471,0.7217559018738524
0.583406,52.614573,train,4.6954516309039376E-4,90.85960337803395,0.907575956556437
-1.260878,53.175313,train,1.1766045320088702E-4,23.748970227222003,0.4493921815306049
-2.816269,53.471576,train,5.1627952611967545E-5,7.593479933720576,0.23036495159683368
-5.012492,50.175935,train,2.297855297163901E-5,3.0257655892715416,0.11000474585103304
0.737853,51.410516,train,2.297296680473352E-4,44.75495390957422,0.688111078722059
-1.292104,52.776824,train,2.1877211719676927E-4,42.953595447707414,0.6702878663208793
-1.082725,52.511084,train,2.24409475237294E-4,43.727994702524384,0.6795810840777016
-1.069681,52.675051,train,3.207886587532613E-4,62.27586375776729,0.8034674847700322
0.170737,51.445328,train,1.8921844565589907E-4,38.42771528204595,0.6169728815902044
-1.468363,54.830618,train,1.3267219666671342E-4,27.618909350537425,0.48975627535062805
-1.206421,51.651111,train,2.2080657860895557E-4,43.26481185443792,0.6736723695825233
-3.175729,53.195622,train,1.931560083956684E-5,2.4499404929497217,0.09331659053372687
-0.031897,52.1512,train,3.223991245386565E-4,62.50195249759693,0.8050661689958594
-0.763078,52.006937,train,2.875902938941092E-4,54.99641966663253,0.7674283536134003
-0.553006,52.62267,train,2.877993094339789E-4,55.03921013624271,0.7676747613508684
-1.313702,54.078964,train,5.281468495199088E-4,97.26084167416359,0.9313390937212377
-1.177637,53.186004,train,2.587091074584862E-4,49.26603128946,0.7307410472507065
-0.227704,51.357158,train,1.110664073018166E-4,21.70647295370151,0.4306670132446154
-0.852689,53.891193,train,4.4726937592362304E-4,87.6217284793908,0.8965216799527181
0.654703,52.974028,train,5.191100720292516E-4,96.36603476115647,0.9281190449596524
-1.152371,52.643757,train,2.922334424865644E-4,56.10546982637054,0.7728410675473856
-0.655859,50.958189,train,7.30819380598681E-5,12.259751803451971,0.3097116826021735
-1.140966,53.14889,train,2.0627725263352496E-4,41.089535098295606,0.6487179312519027
-3.022008,53.622667,train,1.1494957446985955E-4,23.02352673124645,0.4417698027678266
-2.722944,54.036953,train,4.994534715788021E-6,0.329477013979957,0.02501239957809165
-0.283742,52.708084,train,3.185764693767743E-4,61.82752135532806,0.8012500827980017
1.622784,52.774853,train,2.280135126847089E-4,44.40611323810933,0.6853846316059707
-1.085483,52.591117,train,3.2952336981164964E-4,64.00211701740572,0.8119837296688619
0.69453,52.583771,train,4.720922906783943E-4,91.13548394220842,0.9087622242719576
-0.368765,53.813681,train,3.7127359485050586E-4,74.41439651425814,0.8478623005529903
0.569999,52.260072,train,3.7656128302337354E-4,76.14443389611971,0.851888001939537
-0.70236,51.5754,train,1.6460911086417992E-4,34.423878903834456,0.5660559133776175
0.688175,50.96691,train,1.2723888622444212E-4,26.512521288367477,0.4755005679656146
-0.290889,53.605079,train,4.944951824625057E-4,93.6287514577209,0.9185613951612867
-0.9720371,53.4418382,train,4.192337396717079E-4,83.56303706714118,0.8807110118203041
0.278946,52.44099,train,4.1662021550164944E-4,83.09409771691318,0.879119325514914
0.958271,52.367484,train,3.799209619210269E-4,77.13182564925106,0.8543903195644371
-1.48767,54.68831,train,1.3046831701867939E-4,27.16571046364602,0.484021134441714
-0.1517057,53.090983,train,4.3216038079825654E-4,85.14066653787047,0.8882806817937051
0.175655,52.28558,train,3.9502910058348265E-4,80.10968498990749,0.8651306613368499
-1.435875,52.376194,train,3.7867478468081524E-4,76.7549129399328,0.8534671268685287
-2.3030037,53.3513454,train,5.394789695806918E-5,8.068593100966629,0.23936736870864594
-1.275271,52.540288,train,3.1849145166353037E-4,61.799544900704895,0.8011643673353536
-0.034228,52.131457,train,2.7083786225928877E-4,51.6064067102221,0.7468047874126229
-0.245838,50.880805,train,1.1609279319068491E-4,23.245884450975463,0.4449970586875145
-1.0402,53.175089,train,3.136028167033563E-4,60.52387735077761,0.7961729263575872
-1.362815,51.682184,train,2.647722316550035E-4,50.251289067358044,0.7388947637377135
-3.011181,55.952309,train,1.1740633610231627E-4,23.661306809673086,0.4486821047447843
-1.551565,52.55649,train,1.5245080504541715E-4,32.203950817121935,0.5384555575830572
0.476389,51.362374,train,2.4015909508767261E-4,46.34196017381327,0.7041795410742939
-2.841555,51.358543,train,5.323371290604771E-5,7.908647094778383,0.2366072927763362
-2.964712,52.796585,train,1.1355124080692835E-4,22.656087463820324,0.4377968427842992
-1.94048,55.44652,train,3.193246907903088E-5,4.540348307228888,0.1495164984131443
-2.219089,51.833407,train,1.1240597132928734E-4,22.276551925687865,0.43452183737880834
-3.092244,53.561372,train,1.3430076191954212E-4,28.02591791473551,0.4939532824701739
-0.486914,51.554125,train,2.0186528572973064E-4,40.563060318358595,0.6407690624727499
-0.568175,53.533075,train,5.217207598830969E-4,96.66890964640206,0.9290645111175979
0.368492,51.066469,train,1.2931639907551776E-4,26.891968434774697,0.4809978999066218
1.549777,52.139807,train,3.928306109494151E-4,79.78215508569721,0.8636184578005331
-0.539202,52.615758,train,2.812369550151488E-4,53.63061627540539,0.7598124114417113
-5.31358,50.205062,train,2.0793846202317194E-5,2.6742957613105505,0.10008870660000824
0.792455,52.53339,train,4.5414241260857214E-4,88.56300222312403,0.9000665469525363
-0.226885,51.435965,train,1.0775908374685142E-4,20.73293051290029,0.4210367174949523
-0.135757,53.283083,train,3.689462735448023E-4,73.60695950685555,0.8460559254356461
0.176493,53.342029,train,4.50005247773998E-4,88.02855539708035,0.8979475658328131
-1.207987,51.561206,train,2.56837684567979E-4,48.70379260841295,0.7281732905430781
1.152373,52.023621,train,2.5388355466905054E-4,48.27505462298129,0.7240700374084459
0.660687,51.443772,train,2.6286592017721615E-4,49.934871993752914,0.7363581186310904
-1.435416,52.412152,train,3.501883320103402E-4,68.97001476505962,0.8306914018392035
-0.765819,51.827589,train,2.1599605401471797E-4,42.50016636695194,0.6656129451607957
1.567876,52.638458,train,2.7250142246664064E-4,51.91560593455033,0.7489320073581258
1.141295,52.151405,train,3.1496097758545354E-4,60.811851633283524,0.7975720863400474
-0.080799,50.918678,train,1.6127314799880947E-4,33.78033941754251,0.5586516270550248
0.302518,52.366754,train,3.882897938889605E-4,79.17807354019091,0.8604412242383158
-0.23116,51.58886,train,1.0384678928010505E-4,19.784810929797505,0.40943432815837566
-2.18312,52.390387,train,2.845290422799663E-4,54.16682577467788,0.7637893653008043
-0.76807,51.022375,train,4.041876682658953E-5,5.800218949070774,0.1853443634724733
-2.866447,51.573714,train,5.292144537063649E-5,7.831098522170906,0.23539734130742873
-1.669141,53.101189,train,5.630611090541324E-6,0.38333396066138165,0.028152598813555918
0.557676,52.464513,train,5.041775111172937E-4,94.7802960031348,0.9224638676327008
0.298891,52.40014,train,4.0316796408897295E-4,81.14685907818273,0.8705843922173608
-1.656073,52.39502,train,3.1464069269790927E-4,60.725732118341476,0.7972430008098721
-2.491763,52.547776,train,1.837075681930617E-4,37.5057712490951,0.6061165605643595
0.866711,52.428196,train,3.9665299557345386E-4,80.3339365443684,0.8662368601176582
0.3812,52.290605,train,3.728026758797954E-4,75.02609725965017,0.8490375596718293
-0.702465,54.073925,train,6.224084845993335E-5,9.763076368632268,0.2706953399167983
-2.649276,51.472164,train,5.274399738126881E-5,7.787031058451346,0.23470892446237457
-1.099626,52.657302,train,2.933261512968679E-4,56.31461948891856,0.7740964631126198
-1.541516,54.1825881,train,3.071415042453173E-4,59.09807094694432,0.7893829694638859
0.0085269,50.8831077,train,1.733417375453241E-4,35.868712278215796,0.5848554062449773
1.203552,52.579179,train,3.062106576347138E-4,58.766881943242964,0.7883863111093594
0.225017,51.362922,train,1.1050176465917332E-4,21.541999578863702,0.4290342952772941
-1.479919,53.001182,train,1.4849601988046476E-4,31.353484489610995,0.5291047687371435
0.853114,52.388507,train,3.935620201085999E-4,79.89757264657314,0.8641234212089942
0.2471641,52.6130275,train,4.4525123655362307E-4,87.17121846251895,0.8954571101312911
0.47269,51.160095,train,1.47993525074975E-4,31.24146912913664,0.5279031725372458
-1.083281,53.084187,train,2.353447642909223E-4,45.52329100465255,0.6968677111126634
0.552455,52.970424,train,5.107562520521935E-4,95.28648046560164,0.9250081839097524
1.170264,52.041578,train,2.983449704865432E-4,57.29461393941897,0.7797739778617114
0.91169,51.869959,train,3.4816271833312807E-4,68.523920307781,0.8289430956036474
-0.98257,53.586306,train,5.194891655858309E-4,96.40251883914868,0.9282571126244932
-2.265557,52.951187,train,7.756674723249753E-5,13.451753716290693,0.32523533547565
0.484739,52.306456,train,4.4580505619110517E-4,87.34820271832929,0.8957503359727251
0.663953,51.376244,train,2.54129794811579E-4,48.30731843236936,0.7244144156674281
0.478073,52.71124,train,4.794197891543615E-4,92.02106865488224,0.9120906191690469
-3.065772,53.559364,train,1.440809605900295E-4,30.362095441507194,0.5184417210644825
-5.158254,50.262019,train,1.985604447083744E-5,2.532125885256245,0.09579835284890192
-0.67652,51.606322,train,1.9468183416433322E-4,39.37085589235276,0.6274402585824131
0.937192,50.928978,train,1.1948098025134257E-4,24.22712170087236,0.4544525865905721
0.1423717,52.18972,train,3.154998967690049E-4,60.98629830843951,0.7981246086687048
1.5707017,52.5191817,train,3.5813861943034434E-4,70.70689117409827,0.8373823061600973
-2.267839,52.379347,train,2.7869879760692215E-4,53.070128142668516,0.7567005766197812
-0.385226,50.858085,train,1.6558594896123115E-4,34.68324184855829,0.5682004337983524
0.425928,52.438065,train,4.644176111769586E-4,90.07333265015198,0.9051409318186364
0.669183,51.466063,train,2.2462606399224037E-4,43.75505044437538,0.6799328588658875
-0.775959,52.60046,train,2.16374624593649E-4,42.55473542598498,0.6662543446789045
-1.305107,53.539177,train,2.721407238367666E-4,51.84078377445501,0.7484722991017257
0.503412,51.548098,train,2.763369602725612E-4,52.66899070371586,0.7537687120666059
-0.027113,52.176746,train,3.716884597889059E-4,74.50539292365198,0.8481820692402292
-1.406377,52.38504,train,3.6967027589923234E-4,73.76427980727851,0.846620153942821
-2.511437,52.7176,train,1.2416815487128726E-4,25.700114113540295,0.467268249191794
-1.522164,52.547385,train,2.2358778107133323E-4,43.62550477462767,0.6782430019911998
0.860897,52.338407,train,4.076159562728596E-4,81.75458488548891,0.873471151000265
-2.624457,51.499723,train,7.288388544935053E-5,12.190296366539966,0.3090179719042768
0.044148,51.679749,train,1.1733652276396768E-4,23.63722312595185,0.4484868657570086
-2.979741,53.101659,train,2.0039303859409221E-4,40.36148213836796,0.6380767466645156
0.558917,52.574641,train,4.963806439816132E-4,93.89694346304206,0.9193364320420219
-2.075484,52.732613,train,1.3350595699687968E-4,27.798545455823497,0.4919093058039453
-0.107773,53.706468,train,3.6858711733239285E-4,73.52895180126632,0.8457752585847697
0.832282,51.889436,train,3.5624183756443104E-4,70.17616166636606,0.8358104060596024
-1.425787,52.587412,train,2.690354344412599E-4,51.157316668398956,0.7444796477087687
0.56733,52.970103,train,5.054019276689333E-4,95.03258803112477,0.9229438604571722
-0.565136,53.622929,train,5.727695414196113E-4,99.13758869492358,0.9452449627322033
-2.204258,51.264233,train,1.6667744419698118E-4,34.975010018165854,0.5705841344091651
0.693779,52.607617,train,4.4026135714097283E-4,86.15921368779385,0.8927776911332227
-2.8417253,52.7244866,train,1.4001012943603568E-4,29.428900772135773,0.508396210717682
-2.266326,52.335434,train,3.5031460431091295E-4,69.00292717514571,0.8307997938358124
-0.355921,51.965542,train,2.7508988319045546E-4,52.369182868629366,0.7522064286502202
1.109604,52.116271,train,3.024038499105217E-4,58.201884856573784,0.7842610349556254
-0.890871,52.727454,train,2.5782215942506153E-4,48.93886720013498,0.7295271144410833
-0.70263,52.658567,train,3.623798566855645E-4,71.88846505481173,0.8408428714821203
-2.4189,51.052888,train,1.1700164414898876E-4,23.521699204034697,0.4475493873110008
-0.688765,51.066341,train,4.720841947474537E-5,6.842792872555594,0.2129193200818369
-0.472277,51.323284,train,2.270234838945538E-4,44.181010915132234,0.683800950659067
-1.308034,50.844137,train,4.8789638569189974E-5,7.056593627385981,0.21920598398742686
-3.808786,53.280738,train,9.203633842702292E-5,16.546634563334184,0.37297945871167615
-1.329528,53.090323,train,1.511071899700737E-4,31.91615222012443,0.5352996947774011
0.220673,51.273073,train,1.3124476986743942E-4,27.34397825286322,0.4860490101983864
1.332255,52.621492,train,2.68409690031438E-4,51.05647799966672,0.7436674515109886
-0.285157,53.255164,train,4.928992720878426E-4,93.38944544732921,0.9178995647173543
-0.9083424,53.8185573,train,5.317245763235035E-4,97.53882365950149,0.9325737091440495
-1.599995,52.201057,train,3.4343813530037095E-4,67.50805334240042,0.8247948276052408
0.22154,51.291043,train,1.0199652396120972E-4,19.278986601936754,0.4038664380800183
0.110531,51.994523,train,2.622323510917714E-4,49.845231753664315,0.7355096115362968
0.639273,52.43799,train,5.348722772842552E-4,97.65058372696534,0.9336415584431995
-1.379622,52.249598,train,3.184592176097004E-4,61.788937763557975,0.8011318590691927
0.542461,52.417631,train,5.299713985149846E-4,97.41131609952855,0.9319715149069976
-2.600721,51.611791,train,1.0435775272415299E-4,19.893678105368362,0.41096275478346067
-2.5658,52.914224,train,1.7855533245512425E-4,36.649017014235774,0.5956886068053125
-1.340465,52.371205,train,3.6261393904332695E-4,71.92575291190253,0.8410317080832772
0.097286,53.186519,train,4.04104195794552E-4,81.2686957873899,0.8711974317857021
-0.46918,50.941053,train,2.040767465969034E-4,40.849831739673455,0.6447755976656633
-0.052628,52.044541,train,3.2940909786849425E-4,63.966880381569275,0.8118747337934414
-2.711057,52.703086,train,2.4109586143475204E-4,46.488472196830955,0.7055816359583351
0.353331,52.31814,train,4.0715535172116876E-4,81.69219982047291,0.8731752310075377
0.258144,51.45222,train,2.3135163383479756E-4,45.00918309744251,0.6906661661490523
-1.59908,52.197054,train,3.781776102687956E-4,76.55115178121018,0.8530971788979425
-0.59969,51.7012,train,1.4440774622640572E-4,30.449743986750573,0.519239166800459
-1.640428,52.511844,train,2.465334755215011E-4,47.263202302680355,0.7135900734395391
0.377833,52.227727,train,3.568759705730305E-4,70.27726175344611,0.836337607968146
0.433208,52.703177,train,4.976863564341273E-4,94.02855998039192,0.919868830707849
-1.394874,52.151231,train,2.3968064993617374E-4,46.26713044997909,0.7034608594432097
-1.237577,52.503192,train,3.1088054977103743E-4,59.88771236203216,0.7933392959194179
-0.023126,52.266596,train,3.695299352224652E-4,73.73372915956291,0.8465109456559383
0.245626,52.4048898,train,4.5429546196110545E-4,88.57568389531538,0.9001440864557301
-1.52412253,53.71211604,train,1.4889211849457943E-4,31.433609894609653,0.5300497879365994
-2.554747,52.863935,train,2.0220882790966284E-4,40.60439394948859,0.6413944146662593
-0.329538,51.91167,train,1.7936921509563707E-4,36.78867525306596,0.5973540541778425
-0.721709,53.444924,train,4.7418560604538045E-4,91.37021117604107,0.9097257319912839
-1.187652,52.693898,train,3.174384559826976E-4,61.51051560156165,0.8000996602489157
-0.697746,53.809165,train,4.512738943714285E-4,88.24220029243827,0.8986020765880345
-0.746153,51.413624,train,1.5222272071699334E-4,32.16186498043351,0.5379213508603267
-0.041686,52.127984,train,2.7083786225928877E-4,51.6064067102221,0.7468047874126229
-2.279814,52.298318,train,3.284302900462861E-4,63.620482654959815,0.8109385262731371
0.506971,52.310482,train,4.486991908512647E-4,87.79823986591484,0.8972693408461638
-2.539279,52.934124,train,1.9238165293989487E-4,38.90250214913159,0.6230686347781598
0.890155,52.930765,train,3.6501710371535356E-4,72.39523298757538,0.8429574553922882
-0.058922,52.038935,train,2.1063823317004845E-4,41.49576840511456,0.6564020739783495
1.507706,52.15321,train,3.8506232048537227E-4,78.38473232546623,0.8581380423578934
0.634062,52.842756,train,4.17508266812352E-4,83.346214205317,0.8796625338936235
