Year,All species,All species,All species,All species,Farmland birds,Farmland birds,Farmland birds,Farmland birds,Farmland birds,Farmland birds,Farmland birds,Farmland birds,Farmland birds,Farmland birds,Farmland birds,Farmland birds,Woodland birds,Woodland birds,Woodland birds,Woodland birds,Woodland birds,Woodland birds,Woodland birds,Woodland birds,Woodland birds,Woodland birds,Woodland birds,Woodland birds,Water and Wetland birds,Water and Wetland birds,Water and Wetland birds,Water and Wetland birds,Water and Wetland birds,Water and Wetland birds,Water and Wetland birds,Water and Wetland birds,Water and Wetland birds,Water and Wetland birds,Water and Wetland birds,Water and Wetland birds,Water and Wetland birds,Water and Wetland birds,Water and Wetland birds,Water and Wetland birds,Water and Wetland birds,Water and Wetland birds,Water and Wetland birds,Water and Wetland birds,Seabirds,Seabirds,Seabirds,Wintering Water birds,Wintering Water birds,Wildfowl (27),Wildfowl (27),Wader (15),Wader (15)
,All (130),All (130),All (130),All (130),All (19),All (19),All (19),All (19),Generalist (7),Generalist (7),Generalist (7),Generalist (7),Specialist (12),Specialist (12),Specialist (12),Specialist (12),All (37),All (37),All (37),All (37),Generalist (12),Generalist (12),Generalist (12),Generalist (12),Specialist (25),Specialist (25),Specialist (25),Specialist (25),All (26),All (26),All (26),All (26),Reed bed (4),Reed bed (4),Reed bed (4),Reed bed (4),Wet meadow (8),Wet meadow (8),Wet meadow (8),Wet meadow (8),Fast flow (4) ,Fast flow (4) ,Fast flow (4) ,Fast flow (4) ,Slow stand (6),Slow stand (6),Slow stand (6),Slow stand (6),All (13),All (13),All (13),All (46) ,All (46) ,All (46) ,All (46) ,All (46) ,All (46) 
,Unsmoothed data,Smoothed data,Smoothed 2.5 CI,Smoothed 97.5 CI,Unsmoothed data,Smoothed data,Smoothed 2.5 CI,Smoothed 97.5 CI,Unsmoothed data,Smoothed data,Smoothed 2.5 CI,Smoothed 97.5 CI,Unsmoothed data,Smoothed data,Smoothed 2.5 CI,Smoothed 97.5 CI,Unsmoothed data,Smoothed data,Smoothed 2.5 CI,Smoothed 97.5 CI,Unsmoothed data,Smoothed data,Smoothed 2.5 CI,Smoothed 97.5 CI,Unsmoothed data,Smoothed data,Smoothed 2.5 CI,Smoothed 97.5 CI,Unsmoothed data,Smoothed data,Smoothed 2.5 CI,Smoothed 97.5 CI,Unsmoothed data,Smoothed data,Smoothed 2.5 CI,Smoothed 97.5 CI,Unsmoothed data,Smoothed data,Smoothed 2.5 CI,Smoothed 97.5 CI,Unsmoothed data,Smoothed data,Smoothed 2.5 CI,Smoothed 97.5 CI,Unsmoothed data,Smoothed data,Smoothed 2.5 CI,Smoothed 97.5 CI,Unsmoothed data,Unsmoothed data 2.5CI,Unsmoothed data 97.5CI,Unsmoothed data,Smoothed data,Unsmoothed data,Smoothed data,Unsmoothed data,Smoothed data
1970,100,100,100,100,100,100,100,100,100,100,100,100,100,100,100,100,100,100,100,100,100,100,100,100,100,100,100,100,,,,,,,,,,,,,,,,,,,,,,,,,,,,,
1971,102.6657938,102.0545061,101.3775357,103.2934117,103.3939524,98.68087521,97.19698913,100.2579776,100.025575,98.9371475,95.41453065,102.9479642,105.1204419,98.5529881,97.34550973,99.85390369,105.8069807,102.6161711,101.6776969,103.687332,109.2742959,104.2113942,103.1751999,105.4366499,103.651584,101.472557,100.1767534,102.9377178,,,,,,,,,,,,,,,,,,,,,,,,,,,,,
1972,107.6780161,104.1384573,102.8953313,106.1941584,103.4800747,98.07596686,95.16302759,101.1424933,104.5023055,98.97389935,91.60649248,107.1018613,102.9727152,97.63006015,95.06997834,100.0433961,111.2746464,104.7853605,103.0561248,106.735251,119.1726444,108.641835,106.4702422,110.8646516,106.6756706,101.895099,99.54653341,104.5538713,,,,,,,,,,,,,,,,,,,,,,,,,,,,,
1973,107.3005759,105.89884,104.305556,108.6402327,100.2999352,98.29267221,94.29866643,102.6483354,105.1888545,99.99192576,89.8460382,111.8323175,97.94135676,97.45390516,93.5754955,101.1025473,108.9938191,105.6188906,103.3481094,108.3443875,117.7539196,111.6377812,108.4430932,114.7276181,102.3738098,100.8740198,97.46207158,104.538567,,,,,,,,,,,,,,,,,,,,,,,,,,,,,
1974,109.0289839,107.3341406,105.5312953,110.4582012,101.3765114,99.6551123,94.69480707,105.230374,101.729236,101.9784366,89.297327,116.972462,101.200608,98.51337538,93.87749277,103.5251501,108.9444402,105.2251548,102.4814669,108.7520318,120.8230867,112.6582493,109.231729,116.3686932,100.1205043,99.0501552,95.1253746,103.5178759,,,,,,,,,,,,,,,,,,,,,,,,,,,,,
1975,111.7588038,108.1095429,106.1032462,111.823474,106.5122951,101.7201858,95.82488631,107.5950534,114.1982037,104.5922166,91.11522838,121.6576851,102.8655561,100.3138812,94.89229501,106.1207801,109.5904073,103.9570568,100.747421,108.1435578,122.8064295,111.3787322,107.3897736,115.7888428,99.95500545,97.20805544,92.14551389,103.1262571,100,100,100,100,100,100,100,100,100,100,100,100,100,100,100,100,100,100,100,100,,,,100,100,100,100,100,100
1976,111.0958049,108.4634037,106.2709256,112.8400656,108.9309904,103.1677931,96.87419524,110.1773303,112.8505719,106.3045391,92.47432848,124.3771024,107.329119,101.6164502,95.94904866,107.9683155,102.3768849,101.9994618,98.32381394,106.7275499,112.0505503,107.8874857,104.1557729,113.0399342,93.60276912,95.60038091,89.97988217,102.1750829,102.3395674,102.5802117,100.2121215,105.4117535,90.79576815,104.9847473,98.0821405,111.7192393,100.5561137,101.7787338,93.4601373,109.7269971,91.45498123,95.0201636,90.54711432,97.87225469,114.8135301,108.1765981,103.1314132,113.5676873,,,,98.01065,100.72792,100.19092,103.02874,94.53129,97.05902
1977,113.4589214,107.732928,105.3679399,112.0849801,111.5897171,102.8845916,96.05952416,110.6695939,114.9887366,106.60416,92.30163933,125.5432824,110.2920767,101.0091689,95.20878846,108.3943941,107.28144,99.71483238,95.79692415,104.7054388,110.6109176,103.3537237,99.44048545,108.8496591,101.7387756,94.22997158,88.32691458,101.9522903,107.728206,103.3211404,99.62616424,108.0096891,109.7382192,104.6981029,93.54390961,116.1667434,105.123003,102.9521074,91.71546072,115.8511763,85.73075561,90.00630836,81.73914948,94.96397226,126.5499787,113.4912677,105.1532135,123.7752096,,,,98.74706,102.43297,103.27788,107.45531,91.73101,94.68646
1978,106.1490718,106.0357563,103.2862855,110.7192221,103.8332974,100.4748257,93.37179189,108.4915954,111.6599819,105.4471151,90.53790808,124.6998049,100.1031501,97.91023794,91.52991366,104.8284293,98.9303865,97.22034925,93.22338338,102.2304553,103.2002758,98.91040974,94.60147174,104.1027288,92.65653634,92.67082583,86.68384548,100.5974239,94.90971343,101.6726191,96.01420774,108.2067294,83.60409661,98.97619417,85.69876627,112.3765282,93.66692111,104.0197241,88.15992112,129.293104,85.73544388,85.06352816,74.536606,91.52325626,110.2987967,115.6150318,103.8543645,129.5897085,,,,107.19111,105.47532,118.90326,113.27949,90.4009,93.80405
1979,101.6552173,104.5601146,101.5402868,109.4437294,97.78123646,96.73413934,90.00641534,103.9208467,107.6322765,103.5512275,88.46072311,122.4479619,92.9950291,93.18265796,86.23966315,100.2004779,91.83144894,95.52136037,91.59973646,100.5746617,92.23677463,95.861024,91.9650851,100.5741177,87.59959535,91.73192546,85.54674376,99.04406162,93.65663073,99.86566307,93.13557927,108.4959397,79.64948572,91.12102467,76.28159213,105.1924203,101.8962759,105.9828452,87.30270841,143.1611957,74.01763657,79.99893192,69.16183233,87.27182865,120.8599557,116.3973303,102.4432892,132.8144059,,,,106.43546,109.42369,114.6066,119.76119,94.25673,94.34167
1980,108.6014846,103.7864181,100.4001812,108.6450571,97.11109705,92.44154653,85.76799356,100.0495907,104.2322783,101.8901882,86.17270222,120.8150956,93.72656231,87.54275501,80.5172056,94.58391175,101.602434,95.16235116,91.06382528,100.4410018,103.6079431,94.83234507,90.50691415,99.78220117,96.74316786,91.85731756,85.517646,100.1179765,99.42502531,99.01719088,91.89113369,108.8420549,77.47057904,83.07350336,67.41967906,96.77879402,108.6818502,109.0868825,89.64160645,155.8073917,76.20376873,75.52376575,65.43462624,83.32569876,126.0625797,115.7977524,98.83835762,135.6781872,,,,115.43627,114.70005,129.67294,127.91983,95.36004,95.88142
1981,108.7483298,102.8645348,99.57226525,107.687315,93.19255254,87.69743978,80.64283996,95.28838026,107.9771876,100.9113048,85.01741363,121.0028276,86.01975452,80.99136859,74.11972455,88.07457462,102.998498,95.02510062,90.90446568,100.802665,108.9319374,94.34323685,89.93327724,99.98398917,96.24183237,92.04648255,85.35692274,101.1025422,97.8463377,98.49023994,90.09134245,109.3180545,62.99118673,76.55048615,60.37848016,91.53926729,104.5212578,111.4820455,90.8605632,161.7234661,82.03967802,76.09752981,64.28278278,84.30795384,117.6243574,113.728356,94.82281835,136.2586531,,,,118.61366,120.88653,138.69866,136.74005,91.73247,98.73151
1982,99.35498522,101.3234327,97.89124781,106.003846,82.11322283,82.78969978,75.38077261,90.70909235,105.7897078,100.1628602,84.44665972,120.5728037,71.24434078,74.25480933,67.72710931,81.11389183,92.80522625,94.46806537,90.2445612,100.6315219,88.99899545,93.57689171,89.27457809,98.7666723,91.83049566,91.66235755,84.77213945,101.2929611,89.46240216,97.81337309,89.10596857,108.7237194,64.82426294,71.16189433,53.67753143,88.73990917,110.8649735,113.3011363,90.18267824,169.0311535,64.94894742,77.49979632,65.42933859,85.71566557,105.4999339,111.9353897,91.40275793,134.440997,,,,127.98658,127.58899,145.52247,144.9721,103.64527,103.43843
1983,102.5834689,99.83172054,96.45590554,104.2953373,81.33820253,78.45821228,70.8939635,86.24920753,105.8998394,99.40528005,83.54684069,121.0262734,70.1400017,68.50090626,62.41135818,74.77820271,99.22167774,93.87898592,89.20780761,100.048705,101.1329851,93.47255902,88.82841854,98.83740891,94.9492229,90.72131441,83.77363633,99.61019588,97.15066953,97.68158835,87.79087459,108.6235675,61.38397699,66.76402265,49.67472268,83.73284197,106.7243426,114.0803352,89.75291656,173.5326257,81.36317765,81.57116035,68.73642083,91.32594315,118.6460468,111.7594397,89.34590867,134.7024655,,,,130.11437,134.56162,146.45835,152.99811,107.12744,108.97015
1984,103.1704832,98.20815085,94.86891235,102.4901409,80.54046091,74.58394571,67.06180892,81.97779234,105.3644517,98.5657083,82.34505853,119.7654949,69.25839201,63.53642185,57.8132897,69.1355302,98.18957484,92.85695096,88.10737254,99.4422761,103.1901106,93.17648473,88.24631214,98.70861399,91.2152454,89.15795013,82.33000851,97.79879983,96.88570437,97.34709105,87.0113655,108.1381428,53.74314019,63.63458378,47.48191239,80.23702533,113.9025583,113.3162742,87.68959514,173.8323674,92.16038579,86.7174706,72.67789821,96.80198818,119.8183978,111.9639042,88.21149885,133.9263357,,,,143.50561,142.90545,163.94512,163.19524,115.18688,114.86521
1985,98.81510647,96.32028499,93.17530587,100.4483342,74.23739656,70.77136179,63.4552503,77.42205597,103.2472693,97.71891608,81.39387084,118.6903495,61.5996796,58.76624426,53.26803618,63.90610863,96.99414079,91.26846217,86.54700625,97.88694874,100.890179,92.01778177,87.05170881,97.47128082,90.70412554,87.29558959,80.51705017,96.23679974,95.02535748,96.69441777,86.61294934,107.0373585,54.47399146,62.629655,46.62760064,78.58443512,108.6680509,110.2795206,83.17302677,171.4225371,95.16979838,90.41573113,75.75621449,101.6465215,123.2130194,111.7302622,89.06763187,134.8482235,,,,151.91766,151.92949,173.98027,174.27113,121.42879,121.19435
1986,93.28809274,94.97454931,91.97727508,99.34320259,68.59998675,67.3685241,60.18263959,73.45395833,103.013197,97.25043232,80.72563862,118.5569413,54.43110775,54.50812653,49.06983269,60.11588237,87.2758921,89.6789185,85.36504945,95.77297089,89.91399602,90.79146064,85.52267077,96.20754916,82.12790188,85.58180224,78.85700213,94.45698345,89.19394668,96.85174806,86.69804844,108.0603982,56.16025508,63.72698248,46.65875142,78.8272566,94.40800266,106.0877772,78.73811492,167.832847,92.50052465,91.9081827,75.41096946,108.3453481,108.6876156,111.8436648,88.91732219,137.1065178,100,100,100,157.51455,160.83356,188.51028,184.95527,116.17241,128.54345
1987,93.4568568,95.03336792,91.92483634,99.62803926,65.1453291,65.04272872,58.12904809,70.86019817,99.21471397,97.67394077,80.97115145,119.2005713,51.2665519,51.42821642,46.03812182,57.36053872,88.55824756,89.11140606,84.74408128,94.97378641,90.97914995,90.97843052,85.61232382,96.86872216,84.01361542,84.68906797,78.22240083,93.37364206,93.92217921,98.59797318,88.47098297,110.6698035,58.89940624,66.07566454,48.3690027,81.59657033,97.75858714,102.7818265,76.16043563,158.2363626,89.48842608,92.12536225,75.87201199,109.7186753,114.0957421,114.4503256,90.78391139,141.5840729,103.8996056,76.29777202,150.1550909,167.65185,170.23567,191.07746,194.2429,135.71778,138.29799
1988,99.74914634,96.06815291,92.92689635,100.9074588,65.43624185,64.00097291,57.35044891,69.94728517,104.2482472,99.30874586,82.30258279,120.7901776,50.16035124,49.6470815,44.01474734,55.2455788,93.83840285,89.23591797,84.97069573,95.31549492,100.2809694,92.32307176,86.87808907,98.52412359,86.65897421,84.17260254,78.09167766,93.49308783,99.80173631,101.0343847,90.16973434,113.8357781,62.34395861,68.59793166,50.80059487,86.88251571,99.91689246,99.96754818,74.19859058,153.2102467,91.31941714,92.04932833,75.97968919,110.7167222,124.4649219,119.5828616,94.56564483,147.0463749,103.707912,65.93077325,152.6612015,184.00354,179.39715,210.51247,202.47074,147.99405,148.47826
1989,102.1738959,96.54194075,92.87758059,101.7512376,67.72197094,63.66270215,56.8093823,69.67321243,107.5327971,101.4233725,84.17878403,122.9989939,52.01292294,48.63084868,42.90707441,54.40739634,96.8379369,88.59493614,84.22568027,94.9812957,103.6650339,93.07075508,87.41069414,99.28225497,89.49853696,82.757151,76.26067827,92.7528769,102.7136705,101.8416612,90.5650959,115.9967951,62.50027215,67.15662314,50.8074053,86.85351131,91.2254866,96.44277572,70.47334488,150.3287201,92.69443346,91.78172019,75.38700668,109.9552933,131.9115247,125.3848684,97.39899048,154.3134288,99.99477917,64.77225944,132.4443009,181.6016,186.97958,197.19738,209.24314,156.83347,156.37932
1990,98.58795906,94.81293079,91.07803082,100.1191988,68.98292016,63.08790559,56.16266342,69.15023938,110.8469698,102.9048873,84.82625654,125.864993,52.61467467,47.53367125,41.82311493,52.93200639,90.81762439,86.33678134,81.95016167,92.63623412,102.0157975,92.2978929,86.77090908,99.05672585,81.41453369,79.64479251,72.97275296,89.18934501,104.4489098,100.7278261,89.37045378,115.3686141,58.75719726,64.69933488,48.46128533,84.70363784,94.37591361,91.83011024,67.34403737,146.3075329,97.02140313,90.96029876,74.81313298,110.0509569,139.7650126,129.776777,100.6858757,159.8359631,93.30136914,61.73817544,121.79533,197.52628,193.08154,225.50724,214.78209,159.04801,163.25044
1991,90.56961455,92.26316146,88.47637197,97.55338217,65.03548877,61.73638888,54.76037314,67.80759904,115.0291182,102.7851605,84.65597605,127.3965321,46.90349763,45.96266594,40.12323949,51.38170828,83.19252325,83.14853867,78.66285677,89.21411547,88.89069918,90.87361171,85.4874761,98.23779015,76.34832314,75.44538557,68.82004798,84.49839868,90.00795208,98.01609662,86.97211794,112.2939141,51.3057698,62.65729411,46.71445766,81.35680385,77.59074499,85.72993712,59.19194702,134.7529447,86.51704638,89.49905198,73.89260237,109.6252218,139.6182107,131.4631953,101.9595227,163.1193353,95.49399821,63.27066134,141.1169098,193.9123,195.8922,219.23883,215.73498,159.68051,168.18493
1992,92.95967857,90.78296132,87.05809446,96.02513635,61.50927076,59.92366398,52.87871811,65.38853408,104.4568703,100.8522714,83.11503508,124.9216293,45.42528079,44.3324541,37.8869745,49.4328757,79.90091913,80.36677308,76.02446476,86.00037445,93.61599654,90.56321583,85.13098232,98.12426729,68.90457732,71.34084096,65.13829967,79.31174741,92.36503081,95.76045299,84.2619524,109.7820102,55.93988108,63.00593287,47.32516011,81.68828748,75.2695727,79.45642212,53.37683458,117.2629652,83.77331356,88.79556337,73.47324457,109.2832919,138.3564216,130.8093989,103.1843447,164.5166797,99.27414917,66.63120718,132.5481649,192.45261,198.22639,204.67901,215.49456,173.41036,172.90543
1993,89.78186469,90.09870312,85.94841864,95.07280377,57.58242292,58.31459264,51.21569402,64.3274967,96.17326955,98.57303807,81.99155834,121.7882864,42.9403555,43.03245027,36.04114186,48.60701654,81.39009069,78.75776795,74.16671375,84.03639922,97.56721795,91.45381073,86.13870976,99.23859695,69.27635654,68.47158751,62.00022517,75.62477588,89.90311016,94.96753984,82.22881875,108.4245996,53.77417403,65.80757766,49.36323462,84.97261133,70.96415154,74.10869809,45.84022864,108.8189815,88.65127348,89.66851061,74.20761997,110.5761255,129.2468175,129.5001006,102.0085812,164.8699605,94.97801854,63.60265618,127.0060801,197.53024,203.30607,222.4216,220.02776,159.91127,177.24841
1994,91.35890008,90.47733844,86.37494949,95.11918161,58.86463642,57.37293859,49.92699846,63.5346914,103.1823372,97.42815617,81.66299999,120.2543121,42.6764289,42.22418764,35.02911773,47.44392334,81.76544015,78.16962801,72.91735577,83.64516643,100.8355825,92.61606588,86.96052747,100.50088,68.51252719,66.99402538,60.00702409,74.08514683,88.94980526,95.63793533,81.07403802,108.0084645,60.74272744,69.97851584,52.63635483,90.58732078,63.06801772,70.21492026,40.38774216,105.7376137,95.44955434,91.19041811,75.35005445,111.4592218,122.9519757,129.8619202,101.3842529,170.0798228,95.36087705,63.63371184,134.1431676,209.21888,211.13077,217.96678,228.95478,191.99114,182.16044
1995,94.05453155,91.03546693,87.14386406,95.67238769,60.9092502,56.86339653,49.36743036,63.10979807,103.4283811,97.27851449,81.45045615,120.6521689,44.98457321,41.66931919,34.52883171,46.83002862,76.04181881,78.30007259,72.51390408,83.89915146,99.79495617,93.29173321,87.48700539,101.2651808,61.38251654,66.81335808,58.9509864,74.86470424,105.5051872,96.96265556,81.65410382,108.7665569,75.16891755,73.6307496,55.53947826,95.90156976,70.6665977,68.72715683,38.78596754,102.3420137,95.32147873,91.89786403,75.88957733,112.3178374,161.7484574,131.894845,102.6189903,170.4877421,98.51714075,68.31166812,132.9457727,220.03681,218.59694,248.49911,240.66437,172.5609,183.07918
1996,92.00704152,91.32181925,87.33687501,96.04595612,59.75702043,56.24388009,49.03168054,62.79478625,103.5821943,97.49532799,81.43816504,121.0061909,43.60682448,40.89965542,33.93821197,46.2148869,81.46735822,78.91382055,72.54396187,84.44811256,100.775758,93.46634449,87.60784566,101.5434826,67.63163659,67.41673881,59.46867846,75.90381354,97.82206567,97.03048278,81.34041115,109.1234584,67.74634693,75.56864508,57.35076969,98.80547809,71.12817534,67.29851387,36.56560577,98.79526468,91.60125257,91.43904691,75.13581479,112.6518453,134.7856449,132.6152665,104.0575475,171.8567987,96.86548036,67.46678727,140.1581023,221.96287,222.09182,255.53662,246.36338,172.4324,183.51507
1997,93.78813436,91.92694238,87.96059975,96.8960651,58.48052049,55.37715149,48.59829066,62.04205106,104.4247419,97.69394613,81.8189922,121.5457144,41.94247791,39.85887389,33.07043487,45.02494571,83.94756722,79.42682146,72.83789316,85.06547758,94.47829676,93.72843577,87.80732966,101.6700751,73.16740642,67.84300491,59.25000494,76.34932156,91.59842312,96.42973614,81.95077978,110.6008384,66.20562355,77.64310439,59.09701182,101.3995792,61.45811548,65.18251237,36.68608798,96.20419844,89.33241213,90.59980857,73.76119814,112.2162657,130.4616547,134.0064871,104.181078,173.8591527,99.17810595,64.34484463,132.4561323,220.92401,221.35605,241.27972,243.4273,187.68239,184.87057
1998,93.78257793,92.50330714,88.65636459,97.65571872,55.16056288,54.52591985,48.06734,61.05723797,102.9950761,97.72696861,82.1462263,121.6143606,38.54405912,38.8854701,32.34948729,43.7549169,80.90807681,79.37548425,73.24861109,85.30194747,96.93090471,95.02773898,89.03299388,103.1302098,68.01820415,67.13768321,58.81567493,75.45684184,92.00764943,96.43225393,83.37134393,111.7210483,66.29126469,81.9892384,62.73538976,108.9666823,58.46116882,62.93337063,37.1450565,96.67003041,90.40974519,90.04244671,72.82921129,111.0743537,144.9447664,137.7422764,107.0408593,177.4678568,92.82747539,63.06535102,135.0669591,211.16903,219.15968,231.1288,238.81597,175.02136,184.07208
1999,93.64061344,92.88259873,89.0185275,97.91054922,54.86628064,54.09297628,47.50169104,60.35119808,101.7086612,97.79224487,82.46376776,121.8333504,38.50022237,38.38278639,31.70074634,43.21081475,79.80550837,78.89110808,72.87183134,84.93904446,104.3786773,97.19564983,91.22038516,105.6665097,64.04823257,65.57175955,57.51385348,73.57253225,93.95192646,97.36173048,84.30261996,113.0120703,79.39791992,88.69250329,68.01965202,119.8455663,55.85021327,61.33704359,36.67520179,96.03102827,90.9018839,89.75245976,72.40260139,111.5054218,154.251295,142.3706717,110.4053477,183.3120476,98.2696163,73.39529648,139.3711466,219.86187,218.77628,240.07578,237.63009,179.00999,182.9414
2000,96.40913302,92.99708188,88.85631364,98.03737509,57.38165059,54.10383406,47.06983817,60.02232136,105.0698444,98.21355142,82.83392444,121.9792063,40.55552708,38.29882293,31.79455609,42.95704931,80.70761688,78.159444,72.07086169,84.43050342,109.6854438,99.07082711,92.84810123,107.2608289,63.29024078,63.82103542,56.07215251,71.30366042,99.99822814,98.7677039,85.50100097,114.6681291,89.28984276,95.46487724,72.93703935,130.4438474,60.86875554,60.75296026,37.34050727,95.64682634,86.12271184,89.78559685,72.6961067,112.5586672,158.3658542,145.8856937,113.2987232,188.6200049,95.04179125,70.60774416,127.492115,213.02668,219.1485,233.33447,238.4576,173.65395,181.78547
2001,94.13735767,92.90707664,88.54157666,97.88584173,56.90271486,54.23673137,46.94372764,60.34390351,103.9014346,99.03667901,83.08930541,122.4322956,40.28279751,38.26115125,32.01596129,43.35974723,78.94876353,77.31377753,71.0615618,83.20714236,106.6947913,99.90356871,93.48428138,107.8496107,61.8426582,62.29818328,54.55377635,69.58970229,99.93963266,99.73151137,86.39887138,116.3961565,90.49817909,100.0637341,76.09320718,137.7672132,59.81036398,60.61407714,36.59535271,96.04509612,89.64262464,90.48748376,73.56634803,113.0983258,158.7839027,147.2307686,115.2546545,192.5750237,95.87795936,67.20740454,125.1240679,223.72689,219.8646,245.66284,240.15877,181.91471,180.79884
2002,94.17950651,93.09039306,88.76425517,98.07406949,56.34001149,54.31579186,46.94207077,60.64764561,102.7061642,100.3478567,83.40973793,123.6145477,39.92244562,38.05639467,32.18260485,43.00621506,76.62932545,76.64599029,70.52165656,82.24116253,103.2859354,100.1778955,93.42618547,108.112412,59.8635022,61.19241785,53.66505091,68.06127068,100.4278392,100.3763788,87.18080093,116.8233274,94.26197958,103.5158014,77.37766648,141.8268127,58.59755066,60.25499814,35.95445288,93.57647611,92.69446972,91.13627026,74.07430232,114.7566662,158.5294191,148.5525422,116.6098387,194.8841336,91.6616124,60.63814071,119.2343405,216.15743,218.87347,239.0591,239.96699,173.44641,178.31563
2003,94.98418406,93.26357789,88.7669645,98.35205831,56.85605813,54.25785526,46.96048489,60.4876867,112.7797723,101.8034075,84.88936082,125.1736723,38.35158066,37.67432567,32.13983529,42.66131725,78.96308401,76.31764627,70.35410016,81.96777375,106.8344318,100.7090398,93.80545626,108.9556173,61.477227,60.43768123,53.05631982,67.04355889,99.58041212,100.1066206,87.35251725,115.523,91.93254985,105.2258873,77.49650663,143.6555436,60.8523878,59.12565737,35.51053213,91.15030395,95.88048879,91.06904792,73.93484896,114.0145077,149.2335016,149.7853889,117.2989217,194.2778383,94.23531314,60.922209,143.7915391,212.73337,217.32465,235.68214,238.05307,167.14052,176.70057
2004,94.5510118,93.67091736,89.1003208,98.74635477,56.3329109,53.9387879,46.66538103,60.16398793,105.582438,102.4838133,85.87539404,125.7142848,39.27654549,37.17939455,31.75189254,42.15304993,76.38176428,76.22446507,70.30568543,81.74646525,105.5993606,101.6966491,94.84612804,110.2875464,58.56103992,59.84461967,52.42517753,66.43979777,97.65597253,99.26574198,86.33050852,113.2199137,96.99862207,106.5868833,77.6051691,145.3373825,55.9130322,56.87649949,34.70566553,87.28645535,88.49996169,89.93079992,72.15720558,112.3323296,157.2823865,152.5801861,118.6931458,195.5295432,84.45028694,58.08146059,118.1011843,214.65404,216.22441,232.78241,235.81808,176.68482,176.9129
2005,96.5899692,94.24316867,89.74976635,99.23264097,55.84278573,53.30412544,46.27173871,59.37450518,109.5790852,102.4124291,85.9878019,125.0845507,37.90632558,36.50395591,31.1051482,41.05489181,80.4246904,76.37748158,70.22979753,81.94167483,112.0413177,103.0167887,95.94593117,111.6320701,61.29812052,59.47251055,51.88570056,65.92825209,94.04161485,98.39587673,85.28472863,111.3243566,92.87226809,108.1195834,78.18315433,146.8910408,49.83044372,54.20094803,33.85471213,82.83974228,89.11744072,88.54044209,70.64244935,111.6449038,159.4110149,156.4690284,120.5214207,200.2344881,85.33784791,59.84065163,113.6641318,218.10575,214.66271,244.95772,233.41311,168.85346,176.41354
2006,95.99964226,94.31588958,89.65425506,99.26685071,55.30949497,52.35266376,45.72682204,58.23764622,108.6968117,101.3976532,85.05517208,124.1889696,37.51123286,35.68435212,30.3714828,40.18956691,76.24043553,76.5791569,70.87068964,82.2593351,106.342958,104.158991,96.90356201,112.9144935,57.90138753,59.23997799,51.51379232,65.77375191,98.8739978,97.77684076,84.41083753,111.3189661,97.86320375,110.2845858,79.71592233,149.7065872,52.33850779,52.53076879,32.50873325,79.40538978,83.36380904,87.51314629,68.99782164,111.1299124,185.3790005,159.4147603,121.5758112,201.4881418,87.34529403,63.78610736,122.1370916,204.97973,212.04468,219.37667,230.01736,172.03559,174.6664
2007,94.80614625,93.9964148,89.65601693,99.0609855,51.78414117,51.2398935,44.97382219,56.84282772,103.0862418,99.55703634,83.88448227,122.1454816,34.85775771,34.86144525,29.4236292,39.27663977,79.29034228,76.91573089,71.22993044,82.6791914,114.6103256,105.0336941,97.73033519,114.1171931,59.03946096,59.27137322,51.45201411,66.05281042,95.26974469,97.6486197,84.17456594,111.6098449,101.7775733,112.465503,81.63906003,152.8270688,49.11568149,52.10618202,32.03269533,78.05140901,87.39318415,87.02841219,67.9232472,110.5441517,158.8907639,159.0079429,122.0772709,202.5861053,83.28982264,55.91285925,121.1388254,209.54537,210.64223,230.53076,230.15868,167.07443,171.03324
2008,97.11339699,93.8478951,89.39298831,99.14552154,52.69985786,50.25371286,44.12877052,55.63874729,105.4155922,97.37093171,81.99590769,120.0608597,35.37464439,34.24576108,28.79277207,38.54331387,81.95594567,77.22002759,71.30329533,83.20112163,113.7428813,105.0599635,97.85270999,114.4957284,62.31046565,59.53515604,51.77047631,66.36617766,101.0757281,96.86607413,83.17152037,110.9292551,105.2927513,113.7329648,83.04212444,154.5146522,57.41281129,51.63355084,31.79292136,76.91486154,90.96956733,86.03381088,66.92501228,108.53987,168.7621167,156.4143399,121.4750337,201.7466917,76.65588585,50.27478116,106.3704441,208.91548,210.03538,231.17971,232.96355,164.92748,166.204
2009,92.02455489,92.71223454,88.2807307,98.16762933,51.1156029,49.33831377,43.12214177,54.56441921,97.95538997,95.07263305,79.52603827,117.8820967,35.18018501,33.7300597,28.31582384,37.99603833,71.87285985,77.60690675,71.51187685,83.53330601,106.5815674,104.3403949,97.42161638,113.8765001,52.56978962,60.14092307,52.43090568,66.76292848,90.73010492,95.02880712,81.64435798,108.7972061,97.57917131,113.6565742,83.34571818,154.6494971,44.72323388,50.60868925,31.50187787,75.42707478,86.64808857,83.44826988,65.37381666,103.8421938,159.0999562,152.0454001,118.7586588,197.1809319,82.15233658,54.73009569,112.2885284,206.23294,209.09881,235.06619,236.02888,153.94903,161.09231
2010,94.36343507,92.50987802,88.12590515,98.0773373,49.91808171,48.42831656,42.22189286,53.47248699,96.55794,93.22817311,77.58324501,116.1823919,34.16936864,33.1267762,27.79284669,37.30010011,81.76204486,78.53972081,72.43131732,84.43332567,111.5133361,103.5072136,96.86171286,112.9938496,62.49223929,61.47329596,53.69915873,68.21983596,97.6357106,92.47919632,79.29429756,105.5597985,105.4215011,112.4719927,82.64961273,153.5282136,56.35498021,49.37658664,31.09937149,73.967885,79.34654461,79.53203179,63.27050264,97.6191004,158.0716415,146.77849,113.7923072,190.1680987,80.07230784,51.7874277,106.4558543,207.72399,207.15413,241.28863,236.0262,153.32129,158.08189
2011,92.15502601,91.08612032,86.73461186,96.4134381,49.57526441,47.48348738,41.50463222,52.33983972,95.79214773,91.94868721,76.39714648,114.660238,33.95591921,32.36919657,27.20235678,36.45901753,83.29920388,79.23279183,72.93784772,85.43144147,107.582375,102.6442788,95.87533359,111.5213766,65.62962576,62.57899966,54.38675589,69.44380642,85.03479594,89.45714597,76.70596931,103.2802767,98.46765396,109.9359276,80.90301565,150.4564329,42.67933897,47.86324667,29.55905354,71.71343095,72.01275381,75.83499543,60.14041868,94.58457789,141.8569265,141.6530929,110.400589,182.7639394,74.1788825,49.84722619,106.4821141,202.4085,203.51778,233.79359,230.51327,149.80967,157.65749
2012,93.1828646,90.26594709,85.90464751,95.28820942,49.93272073,46.46805996,40.7836331,51.23666042,102.0741041,90.79322529,75.57880191,112.8605331,33.09513492,31.51165402,26.46690691,35.33962863,83.64099178,79.13812503,72.78430533,85.29890606,111.3922845,102.1346647,95.52812811,110.6264184,64.93352225,62.64654694,54.19402634,69.91947193,85.12661453,87.39957227,75.02629922,101.4655907,96.48882748,107.1564625,79.07943091,146.5447748,45.04628137,47.19524395,28.50705438,70.17708463,72.69543722,74.42801019,59.42367277,93.79281421,150.2296207,138.0310811,107.3858225,177.3743006,72.12921543,48.92840689,94.13988554,195.26432,199.60447,215.20693,222.8631,160.36711,158.51924
2013,86.13853675,89.59170273,85.28308304,94.29009707,45.31319922,45.4893446,39.89131628,50.23178906,89.85459049,89.2569501,74.94287547,110.9262339,30.57118588,30.77207765,25.98775935,34.67137213,73.15058758,78.49187153,72.05944203,84.61542647,97.87113439,102.3778348,95.75032344,110.8063269,56.37396223,61.81715313,53.25738649,69.35035561,82.68160817,87.09547914,75.22477302,100.6742699,84.24908416,105.8470192,78.42628777,144.6365313,46.78980306,47.65274011,28.14250456,69.89381641,70.91711311,76.16119244,61.16964438,96.52815917,141.0091097,135.7384679,105.4826919,175.8821888,69.32083676,45.73310353,93.76539152,192.35481,197.53199,212.01643,218.61839,153.85859,158.13528
2014,92.91721777,90.50878299,86.23549871,95.05318934,46.02125474,44.87410155,39.38397594,49.64093535,91.32661371,87.99231542,73.81710101,109.5311523,31.03540316,30.3674422,25.71223046,34.25794394,81.44401423,78.00743052,71.33264051,84.0049272,113.2548118,103.908662,96.56573026,112.3015703,61.84443333,60.80454454,52.51951176,68.28310814,87.15082242,88.43758161,75.9542951,101.3781747,94.83755817,107.2989274,79.63266725,146.2193538,47.65891405,48.79836111,28.43952859,70.27213266,78.44603511,80.3442645,63.81558527,102.207762,133.7469653,135.0016332,104.6706481,176.5084901,75.99651121,47.63064128,111.5558601,193.27753,197.40614,213.7934,217.82113,149.73158,157.54395
2015,95.72206427,91.27243976,86.88913201,95.85051811,48.56294952,44.48324573,38.97383838,49.24380145,95.69011985,86.8847574,72.65699572,108.1786485,32.88507416,30.17183083,25.62925556,34.2308515,81.39336302,77.20751834,70.58033453,82.63456949,114.5228872,105.3118705,98.17888551,113.8087767,61.3895185,59.47013321,51.1998253,66.60917279,91.90941346,90.27719934,77.49025893,102.7772434,97.65769061,109.7176549,81.63417506,148.6332984,51.32392127,50.11604347,29.20175512,73.13539696,91.93831096,84.71118516,66.43298422,107.5587164,153.4991972,135.1018303,104.3983141,175.7038238,74.03093567,51.51709035,99.45031344,193.89244,198.27507,216.66603,218.45066,150.69904,158.12739
2016,93.17120817,91.91584809,87.53053445,96.76282077,44.42102323,44.03096143,38.51087548,48.78137631,88.42383323,85.44828214,71.48206476,106.2995017,29.9023094,29.97766757,25.44421184,34.13257473,77.65342113,75.85678424,69.51808691,81.13839011,112.743067,105.6199731,98.9395543,114.3971938,57.74047255,57.80824471,49.86235246,64.3566273,93.79086998,91.19411191,77.65401736,104.0290321,109.9231343,110.4098865,82.77913963,148.2353119,52.19798159,50.87575789,29.91975684,75.08642166,87.17911224,86.7407292,67.8433954,108.9028103,142.7224742,133.5605301,103.0732976,171.9143827,76.77623693,49.0901121,110.2832786,208.03202,197.67304,231.67061,217.14153,162.37285,158.02156
2017,94.14954872,90.74128235,86.23099322,95.57277826,46.32710871,43.61511508,38.1296007,48.47564246,88.35617427,84.01479318,70.57405147,104.4553848,31.97342511,29.82351144,24.99090999,33.80715414,75.43815553,74.30562704,68.43545091,79.55439324,114.0011028,104.8636533,98.36438565,113.9303514,54.84432137,56.19745141,48.46045331,62.4929755,95.2013769,90.37512487,76.9888002,103.4157856,100.133038,107.4850322,80.18685506,143.6051001,55.50342274,50.61700202,29.40346787,75.32351105,89.41039279,85.61469004,67.1224705,107.0829038,141.0022909,130.2095945,100.2560694,169.4293227,78.30385423,48.92620213,114.6775889,184.04485,193.75214,200.25175,212.45683,147.90982,154.6255
2018,87.63887961,89.14139513,84.56546529,94.34422105,44.45310863,43.134833,37.48686702,48.05593936,86.80412764,82.75960959,69.67749515,102.6339035,30.26110559,29.5636549,24.93919185,33.48485415,72.14009973,72.87179448,66.81934253,78.43931646,103.6058958,103.5427029,96.89091505,112.4410856,53.5637883,54.87218788,47.11325248,61.32041944,82.55581029,88.02143678,74.93555739,100.5798747,79.72267617,102.621802,76.08776372,137.5563458,46.47025157,49.2854288,27.92534242,73.7244112,83.07537386,81.34920058,62.89041112,102.4647272,123.6856355,126.1401983,96.27928319,165.8376676,71.73201601,50.1017432,92.19721574,188.48807,189.52846,208.87145,207.76417,145.56431,150.40499
2019,89.94701708,87.07849202,82.33788004,92.67341499,44.55871476,42.59680428,37.04573726,47.67553391,86.88561533,81.56158052,68.14951471,101.4218707,30.35838994,29.22949722,24.64317636,32.9255258,75.23617814,71.61098485,64.91090101,77.47942361,110.5963461,102.4685231,95.91446829,111.3843766,55.44952016,53.69345751,45.71734263,60.22408298,85.78860146,85.26949286,71.76417541,97.74083102,92.12916846,98.53055916,72.73562011,132.6404978,47.87054749,47.52821692,26.2227517,72.30075346,70.54679005,75.16621157,58.96941164,94.63237399,133.3745878,122.7726249,93.51957889,160.6551236,75.77682353,43.63009242,109.2868617,,,,,,