"UID","Name","DOI","Citation","Rights","More Information","Data generalisations","Information withheld","Download limit","Number of Records in Download"
"dp56","Royal Horticultural Society","","Records provided by Royal Horticultural Society, accessed through NBN Atlas website.","","For more information:  email membership@rhs.org.uk, or https://registry.nbnatlas.org/public/show/dp56","","","","41"
"dr509","The Wildlife Information Centre - BioBlitz Events","doi:10.15468/1iynpe","The Wildlife Information Centre or BRISC (depends on orginator in dataset name)","Creative Commons, with Attribution, Non-commercial v4.0 (CC-BY-NC) CC-BY-NC","For more information:  email admin@wildlifeinformation.co.uk, or https://registry.nbnatlas.org/public/show/dr509","","","","1"
"dr1770","Malcolm Storey personal records and images","","Malcolm Storey ([Insert year of download]).  http://www.bioimages.org.uk/ Malcolm Storey personal records and images. Occurrence dataset on the NBN Atlas","Creative Commons, with Attribution, Non-commercial v4.0 (CC-BY-NC)","For more information:  https://registry.nbnatlas.org/public/show/dr1770","","","","2"
"dr1412","Wildwatch North Pennines AONB project records for Cumbria","doi:10.15468/05h2u8","Records provided by Wildwatch North Pennines AONB project records for Cumbria, accessed through NBN Atlas website.","Creative Commons, with Attribution, Non-commercial v4.0 (CC-BY-NC) CC-BY-NC","For more information:  email info@cbdc.org.uk, or https://registry.nbnatlas.org/public/show/dr1412","","","","3"
"dp201","Manx National Heritage","","Records provided by Manx National Heritage, accessed through NBN Atlas website.","","For more information:  email enquiries@mnh.gov.im, or https://registry.nbnatlas.org/public/show/dp201","","","","358"
"dr1414","Stoke-on-Trent Environmental Survey results (1982-1984)","doi:10.15468/8gryb6","Records provided by Stoke-on-Trent Environmental Survey results (1982-1984), accessed through NBN Atlas website.","Creative Commons, with Attribution, Non-commercial v4.0 (CC-BY-NC) CC-BY-NC","For more information:  email info@staffs-ecology.org.uk, or https://registry.nbnatlas.org/public/show/dr1414","","","","25"
"dr1415","North East Scotland Breeding Bird Atlas 2002-06","doi:10.15468/hny7nf","Records provided by North East Scotland Breeding Bird Atlas 2002-06, accessed through NBN Atlas website.","Creative Commons with Attribution 4.0 (CC-BY) CC-BY","For more information:  email clive.mckay@the-soc.org.uk, or https://registry.nbnatlas.org/public/show/dr1415","","","","1327"
"dr867","Suffolk Biodiversity Information Service (SBIS) Dataset","doi:10.15468/ab4vwo","Records provided by Suffolk Biodiversity Information Service (SBIS) Dataset, accessed through NBN Atlas website.","Creative Commons, with Attribution, Non-commercial v4.0 (CC-BY-NC) CC-BY-NC","For more information:  email martin.sanford@suffolk.gov.uk, or https://registry.nbnatlas.org/public/show/dr867","","","","2931"
"dr746","CPERC Combined Dataset","doi:10.15468/npthhv","Records provided by CPERC Combined Dataset, accessed through NBN Atlas website.","Creative Commons, with Attribution, Non-commercial v4.0 (CC-BY-NC) CC-BY-NC","For more information:  email data@cperc.org.uk, or https://registry.nbnatlas.org/public/show/dr746","","","","39"
"dp59","Argyll Biological Records Centre","","Records provided by Argyll Biological Records Centre, accessed through NBN Atlas website.","","For more information:  email data@lnhg.org.uk, or https://registry.nbnatlas.org/public/show/dp59","","","","34"
"dp205","Project Splatter","","Records provided by Project Splatter, accessed through NBN Atlas website.","","For more information:  email projectsplatter@gmail.com, or https://registry.nbnatlas.org/public/show/dp205","","","","1"
"dp43","The Wildlife Information Centre","","Records provided by The Wildlife Information Centre, accessed through NBN Atlas website.","","For more information:  email info@wildlifeinformation.co.uk, or https://registry.nbnatlas.org/public/show/dp43","","","","396"
"dr2070","Churchyards for London","10.15468/iwpzxk","Records provided by Churchyards for London, accessed through NBN Atlas website.","Creative Commons, with Attribution, Non-commercial v4.0 (CC-BY-NC) Diocese of London, Church of England","For more information:  https://registry.nbnatlas.org/public/show/dr2070","","","","5"
"dr2194","East Lothian Council Ranger Service Records","","East Lothian Council Ranger Service Records, TWIC (2020)","Creative Commons, with Attribution, Non-commercial v4.0 (CC-BY-NC)","For more information:  https://registry.nbnatlas.org/public/show/dr2194","","","","5"
"dr2195","Isle of Man Historical Wildlife Records pre-1990","10.15468/n7ybfm","Data provided by Manx Biological Recording Partnership, Isle of Man, records pre 1990","Creative Commons, with Attribution, Non-commercial v4.0 (CC-BY-NC) Please acknowledge the Manx Biological Recording Partnership https://isleofman.nbnatlas.org/","For more information:  https://registry.nbnatlas.org/public/show/dr2195","","","","12"
"dr2079","Manx Biological Recording Partnership VERIFIED Isle of Man records between 14/02/2017 and 05/09/2019","10.15468/dudjqq","Manx Biological Recording Partnership (2019). Isle of Man verified records between 14/02/2017 and 05/09/2019","Creative Commons, with Attribution, Non-commercial v4.0 (CC-BY-NC) Please acknowledge the Manx Biological Recording Partnership,  https://isleofman.nbnatlas.org/","For more information:  https://registry.nbnatlas.org/public/show/dr2079","","","","11"
"dr1420","Miscellaneous records held on the Cofnod database","doi:10.15468/hcgqsi","Miscellaneous records held on the Cofnod database, Cofnod (2019)","Creative Commons, with Attribution, Non-commercial v4.0 (CC-BY-NC) CC-BY-NC","For more information:  email record@cofnod.org.uk, or https://registry.nbnatlas.org/public/show/dr1420","","","","1705"
"dr2078","Invasive Species and Pests","10.15468/agj5z3","Invasive Species and Pests, CEDaR (2020)","Creative Commons, with Attribution, Non-commercial v4.0 (CC-BY-NC)","For more information:  https://registry.nbnatlas.org/public/show/dr2078","","","","5"
"dr1786","Montgomeryshire Wildlife Trust records held by BIS","doi:10.15468/vozyfp","BIS for Powys and Brecon Beacons National Park ([Insery download year]). Mongomeryshire Wildlife Trust records held by BIS. Occurrence dataset on the NBN Atlas","Creative Commons, with Attribution, Non-commercial v4.0 (CC-BY-NC)","For more information:  https://registry.nbnatlas.org/public/show/dr1786","","","","279"
"dr1787","Radnorshire Wildlife Trust records held by BIS","doi:10.15468/hxqokw","BIS for Powys and Brecon Beacons National Park ([Insert download year]). Radnorshire Wildlife Trust records held by BIS. Occurrence dataset on the NBN Atlas","Creative Commons, with Attribution, Non-commercial v4.0 (CC-BY-NC)","For more information:  https://registry.nbnatlas.org/public/show/dr1787","","Contact BIS for further information or go to website www.bis.org.uk for County recorder contacts.","","9"
"dr1784","Miscellaneous records held by BIS","doi:10.15468/mo7peo","BIS for Powys and Brecon Beacons National Park ([Insert download year]). Miscellaneous records held by BIS. Occurrence dataset on the NBN Atlas","Creative Commons, with Attribution, Non-commercial v4.0 (CC-BY-NC)","For more information:  https://registry.nbnatlas.org/public/show/dr1784","","","","45"
"dr731","Dragonfly records from the British Dragonfly Society Recording Scheme","doi:10.15468/cuyjyi","British Dragonfly Society Recording Scheme ([Insert download year]). Dragonfly records from the British Dragonfly Society Recording Scheme. Occurrence dataset on the NBN Atlas","Creative Commons with Attribution 4.0 (CC-BY) BDS follows NBN's Open Data recommendations and has a policy that only records with a licence of CC BY or more open are included. Data from other organisations are included with permission and remain the copyright of the provider. Where available the provider's initials and UNIDs are included per-record in the otherCatalogNumbers term for traceability.","For more information:  https://registry.nbnatlas.org/public/show/dr731","","","","178"
"dr851","Merseyside BioBank (verified)","doi:10.15468/ar0p6s","Merseyside BioBank (2020) www.merseysidebiobank.org.uk","Creative Commons, with Attribution, Non-commercial v4.0 (CC-BY-NC) CC-BY-NC","For more information:  email Info@MerseysideBioBank.org.uk, or https://registry.nbnatlas.org/public/show/dr851","","","","792"
"dr1785","Brecknock Wildlife Trust (Now WTSWW Brecknockhire) records held by BIS","doi:10.15468/hd7pvq","BIS for Powys and Brecon Beacons National Park ([Insert download year]). Brecknock Wildlife Trust (Now WTSWW Brecknockhire) records held by BIS. Occurrence dataset on the NBN Atlas","Creative Commons, with Attribution, Non-commercial v4.0 (CC-BY-NC)","For more information:  https://registry.nbnatlas.org/public/show/dr1785","","","","4"
"dr858","City of Edinburgh Natural Heritage Service - Ranger Ad-hoc records and sightings","doi:10.15468/ealk6c","The Wildlife Information Centre ([Insert download year]). City of Edinburgh Natural Heritage Service - Ranger Ad-hoc records and sightings. Occurrence dataset on the NBN Atlas","Open Government Licence (OGL) OGL","For more information:  email admin@wildlifeinformation.co.uk, or https://registry.nbnatlas.org/public/show/dr858","","","","4"
"dr1309","Glasgow Museums BRC: Mammals","10.15468/fphygc","Glasgow Museums BRC: Mammals (2019)","Creative Commons, with Attribution, Non-commercial v4.0 (CC-BY-NC) CC-BY-NC","For more information:  https://registry.nbnatlas.org/public/show/dr1309","","","","2"
"dr856","City of Edinburgh Natural Heritage Service - Historical Records","doi:10.15468/zwsdui","The Wildlife Information Centre ([Insert download year]).  City of Edinburgh Natural Heritage Service - Historical Records. Occurrence dataset on the NBN Atlas","Open Government Licence (OGL) OGL","For more information:  email admin@wildlifeinformation.co.uk, or https://registry.nbnatlas.org/public/show/dr856","","","","2"
"dr855","All taxa records for Leicestershire and Rutland","doi:10.15468/i46are","Records provided by All taxa records for Leicestershire and Rutland, accessed through NBN Atlas website.","Creative Commons with Attribution 4.0 (CC-BY) CC BY
      		Creative Commons Attribution","For more information:  https://registry.nbnatlas.org/public/show/dr855","","","","209"
"dp71","Butterfly Conservation","","Records provided by Butterfly Conservation, accessed through NBN Atlas website.","","For more information:  email info@butterfly-conservation.org, or https://registry.nbnatlas.org/public/show/dp71","","","","1487"
"dr1310","UK casual records from members of BASC - 1980 onwards","","Records provided by UK casual records from members of BASC - 1980 onwards, accessed through NBN Atlas website.","Creative Commons, with Attribution, Non-commercial v4.0 (CC-BY-NC) CC-BY-NC","For more information:  email ian.danby@basc.org.uk, or https://registry.nbnatlas.org/public/show/dr1310","","","","1"
"dr2524","Glasgow Museums Biological Records Centre: Coleoptera: Monotomidae","10.15468/g48y4s","Glasgow Museums Biological Records Centre ([Insert download year]). Glasgow Museums Biological Records Centre: Coleoptera: Monotomidae. Occurrence dataset on the NBN Atlas","Creative Commons, with Attribution, Non-commercial v4.0 (CC-BY-NC)","For more information:  https://registry.nbnatlas.org/public/show/dr2524","","","","2"
"dr882","City of Edinburgh Natural Heritage Service - Bonaly Bird Survey","doi:10.15468/2kpbio","Records provided by City of Edinburgh Natural Heritage Service - Bonaly Bird Survey, accessed through NBN Atlas website.","Open Government Licence (OGL) OGL","For more information:  email admin@wildlifeinformation.co.uk, or https://registry.nbnatlas.org/public/show/dr882","","","","4"
"dp101","Cambridgeshire & Peterborough Environmental Records Centre","","Records provided by Cambridgeshire & Peterborough Environmental Records Centre, accessed through NBN Atlas website.","","For more information:  email data@cperc.org.uk, or https://registry.nbnatlas.org/public/show/dp101","","","","40"
"dr885","HBRG Vertebrates (not Badger) Dataset","10.15468/vaassa","Highland Biological Recording Group ([Insert year of download]). Vertebrates (not Badger) Dataset. Occurrence dataset on the NBN Atlas","Creative Commons with Attribution 4.0 (CC-BY) CC-BY","For more information:  email records@hbrg.org.uk, or https://registry.nbnatlas.org/public/show/dr885","","","","2"
"dr1311","Tullie House Museum Natural History Collections","doi:10.15468/epewfs","Records provided by Tullie House Museum Natural History Collections, accessed through NBN Atlas website.","Creative Commons, with Attribution, Non-commercial v4.0 (CC-BY-NC) CC-BY-NC","For more information:  email nature@tulliehouse.co.uk, or https://registry.nbnatlas.org/public/show/dr1311","","","","8"
"dr1312","Stackpole National Nature Reserve Species Inventory and Ad-hoc Sightings from Across Pembrokeshire","doi:10.15468/k6hvb8","Natural Resources Wales.  ([Insert year of download])  Stackpole National Nature Reserve Species Inventory and Ad-hoc Sightings from Across Pembrokeshire. Occurrence dataset accessed through the NBNAtlas","Open Government Licence (OGL) © CNC/NRW
Data may be re-used under the terms of the Open Government Licence providing it is done so, acknowledging both the source and NRW's copyright. It is the recipient's responsibility to ensure the data is fit for the intended purpose.

Attribution statement: Contains Natural Resources Wales information © Natural Resources Wales and Database Right. All rights Reserved.","For more information:  https://registry.nbnatlas.org/public/show/dr1312","","","","271"
"dp102","Cumbria Biodiversity Data Centre","","Records provided by Cumbria Biodiversity Data Centre, accessed through NBN Atlas website.","","For more information:  email info@cbdc.org.uk, or https://registry.nbnatlas.org/public/show/dp102","","","","11"
"dr1317","Mosses and Liverworts: Records for Kent.","doi:10.15468/wlgnsv","Records provided by Mosses and Liverworts: Records for Kent., accessed through NBN Atlas website.","Creative Commons, with Attribution, Non-commercial v4.0 (CC-BY-NC) CC-BY-NC","For more information:  email tony.witts@kmbrc.org.uk, or https://registry.nbnatlas.org/public/show/dr1317","","","","9"
"dr528","Birds (BTO+partners) to 2005","","Records provided by BTO, accessed through NBN Atlas website","Creative Commons, with Attribution, Non-commercial v4.0 (CC-BY-NC)","For more information:  https://registry.nbnatlas.org/public/show/dr528","","","","293235"
"dp107","Bristol Regional Environmental Records Centre","","Records provided by Bristol Regional Environmental Records Centre, accessed through NBN Atlas website.","","For more information:  email dataenquiries@brerc.org.uk, or https://registry.nbnatlas.org/public/show/dp107","","","","6701"
"dp109","Lancashire Environment Record Network","","Records provided by Lancashire Environment Record Network, accessed through NBN Atlas website.","","For more information:  email lern@lancashire.gov.uk, or https://registry.nbnatlas.org/public/show/dp109","","","","735"
"dr766","Survey and monitoring records for Scottish Wildlife Trust reserves from reserve convenors and Trust volunteers - Verified data","doi:10.15468/yyd4b9","Survey and monitoring records for Scottish Wildlife Trust reserves from reserve convenors and Trust volunteers - Verified data, SWT (2020)","Creative Commons with Attribution 4.0 (CC-BY) CC-BY","For more information:  email rsiller@scottishwildlifetrust.org.uk, or https://registry.nbnatlas.org/public/show/dr766","","","","28"
"dp103","Dorset Environmental Records Centre","","Records provided by Dorset Environmental Records Centre, accessed through NBN Atlas website.","","For more information:  email Enquiries@derc.org.uk, or https://registry.nbnatlas.org/public/show/dp103","","","","25"
"dr765","Commissioned surveys and staff surveys and reports for Scottish Wildlife Trust reserves - Verified data","doi:10.15468/a6snhl","Commissioned surveys and staff surveys and reports for Scottish Wildlife Trust reserves - Verified data, SWT (2020)","Creative Commons with Attribution 4.0 (CC-BY) CC-BY","For more information:  email rsiller@scottishwildlifetrust.org.uk, or https://registry.nbnatlas.org/public/show/dr765","","","","235"
"dp104","South West Scotland Environmental Information Centre (formerly DGERC)","","Records provided by South West Scotland Environmental Information Centre (formerly DGERC), accessed through NBN Atlas website.","","For more information:  email mpollitt@swseic.org.uk, or https://registry.nbnatlas.org/public/show/dp104","","","","2"
"dr889","Phase Two Lowland Heathland Survey","doi:10.15468/jce57u","Natural Resources Wales.  ([Insert year of download])  Phase Two Lowland Heathland Survey. Occurrence dataset accessed through the NBNAtlas","Open Government Licence (OGL) © CNC/NRW
Data may be re-used under the terms of the Open Government Licence providing it is done so, acknowledging both the source and NRW's copyright. It is the recipient's responsibility to ensure the data is fit for the intended purpose.

Attribution statement: Contains Natural Resources Wales information © Natural Resources Wales and Database Right. All rights Reserved.","For more information:  https://registry.nbnatlas.org/public/show/dr889","","","","42"
"dp105","Essex Wildlife Trust Biological Records Centre","","Records provided by Essex Wildlife Trust Biological Records Centre, accessed through NBN Atlas website.","","For more information:  email records@essexwt.org.uk, or https://registry.nbnatlas.org/public/show/dp105","","","","123"
"dr767","Survey and monitoring records for Scottish Wildlife Trust reserves from reserve convenors and Trust volunteers - Unassessed data","doi:10.15468/jxrydj","Survey and monitoring records for Scottish Wildlife Trust reserves from reserve convenors and Trust volunteers - Unassessed data, SWT (2020)","Creative Commons with Attribution 4.0 (CC-BY) CC-BY","For more information:  email rsiller@scottishwildlifetrust.org.uk, or https://registry.nbnatlas.org/public/show/dr767","","","","4"
"dr2096","Sheffield and Rotherham Wildlife Trust - Records","10.15468/x3wdpp","Data supplied by Sheffield and Rotherham Wildlife Trust","Creative Commons, with Attribution, Non-commercial v4.0 (CC-BY-NC) CC BY-NC
      		Creative Commons Attribution Non-Commercial","For more information:  email mail@wildsheffield.com, or https://registry.nbnatlas.org/public/show/dr2096","","","","27"
"dp210","The British Association for Shooting and Conservation","","Records provided by The British Association for Shooting and Conservation, accessed through NBN Atlas website.","","For more information:  email ian.danby@basc.org.uk, or https://registry.nbnatlas.org/public/show/dp210","","","","1"
"dr750","Invasive Non-Native Species","doi:10.15468/rg1l9v","Records provided by Invasive Non-Native Species, accessed through NBN Atlas website.","Creative Commons, with Attribution, Non-commercial v4.0 (CC-BY-NC) CC-BY-NC","For more information:  email data@cperc.org.uk, or https://registry.nbnatlas.org/public/show/dr750","","","","1"
"dp211","Welsh Government","","Records provided by Welsh Government, accessed through NBN Atlas website.","","For more information:  https://registry.nbnatlas.org/public/show/dp211","","","","345"
"dr510","The Wildlife Information Centre - LBS Network Strategic Survey","doi:10.15468/7l4izb","The Wildlife Information Centre or BRISC (depends on orginator in dataset name)","Creative Commons, with Attribution, Non-commercial v4.0 (CC-BY-NC) CC-BY-NC","For more information:  email admin@wildlifeinformation.co.uk, or https://registry.nbnatlas.org/public/show/dr510","","","","1"
"dr2417","British bird study skins in the collections of World Museum, National Museums Liverpool","10.15468/tekr68","World Museum, National Museums Liverpool (2020). British bird study skins in the collections of World Museum, National Museums Liverpool.","Creative Commons, with Attribution, Non-commercial v4.0 (CC-BY-NC)","For more information:  https://registry.nbnatlas.org/public/show/dr2417","","","","19"
"dr2418","TVERC Historical Churchyard Records","","Thames Valley Environmental Records Centre (2020). TVERC Historical Churchyard Records","Creative Commons, with Attribution, Non-commercial v4.0 (CC-BY-NC)","For more information:  https://registry.nbnatlas.org/public/show/dr2418","","","","1"
"dr1326","RECORD Aves Data","doi:10.15468/pudf3y","Records provided by RECORD Aves Data, accessed through NBN Atlas website.","Creative Commons, with Attribution, Non-commercial v4.0 (CC-BY-NC) CC-BY-NC","For more information:  email enquiry@record-lrc.co.uk, or https://registry.nbnatlas.org/public/show/dr1326","","","","4607"
"dr1327","Data from Defra Family Organisations supplied to Staffordshire Ecological Record","doi:10.15468/giebpp","Records provided by Data from Defra Family Organisations supplied to Staffordshire Ecological Record, accessed through NBN Atlas website.","Creative Commons, with Attribution, Non-commercial v4.0 (CC-BY-NC) CC-BY-NC","For more information:  email info@staffs-ecology.org.uk, or https://registry.nbnatlas.org/public/show/dr1327","","","","7"
"dp217","Malcolm Storey","","Records provided by Malcolm Storey, accessed through NBN Atlas website.","","For more information:  email malcolm.storey@bioimages.org.uk, or https://registry.nbnatlas.org/public/show/dp217","","","","2"
"dr755","NBIS Records to December 2016","doi:10.15468/jca5lo","Records provided by NBIS Records to December 2016, accessed through NBN Atlas website.","Creative Commons, with Attribution, Non-commercial v4.0 (CC-BY-NC) CC-BY-NC","For more information:  email nbis@norfolk.gov.uk, or https://registry.nbnatlas.org/public/show/dr755","","","","793"
"dr756","Conchological Society of Great Britain & Ireland: marine mollusc records","doi:10.15468/aurwcz","Conchological Society of Great Britain & Ireland ([Insert year of download]), Conchological Society of Great Britain & Ireland: marine mollusc records. Occurrence dataset","Creative Commons, with Attribution, Non-commercial v4.0 (CC-BY-NC) CC-BY-NC","For more information:  https://registry.nbnatlas.org/public/show/dr756","","","","15"
"dp97","British Dragonfly Society Recording Scheme","","Records provided by British Dragonfly Society Recording Scheme, accessed through NBN Atlas website.","","For more information:  email secretary@british-dragonflies.org.uk, or https://registry.nbnatlas.org/public/show/dp97","","","","178"
"dp96","BIS for Powys & Brecon Beacons National Park","","Records provided by BIS for Powys & Brecon Beacons National Park, accessed through NBN Atlas website.","","For more information:  email info@bis.org.uk, or https://registry.nbnatlas.org/public/show/dp96","","","","418"
"dr1574","ERIC NE Combined dataset to 2017","","Records provided by ERIC NE Combined dataset to 2017, accessed through NBN Atlas website.","Creative Commons, with Attribution, Non-commercial v4.0 (CC-BY-NC)","For more information:  https://registry.nbnatlas.org/public/show/dr1574","","ERIC NE Data holdings metadata avaialble at http://www.ericnortheast.org.uk/geisha/assets/images/ERIC-NE-Species-metadata.2.pdf","","1360"
"dr1335","Gloucestershire Historic Wildlife Sightings prior to 1st Jan 2000","doi:10.15468/dgf5es","Records provided by Gloucestershire Historic Wildlife Sightings prior to 1st Jan 2000, accessed through NBN Atlas website.","Creative Commons with Attribution 4.0 (CC-BY) CC-BY","For more information:  https://registry.nbnatlas.org/public/show/dr1335","","","","71"
"dr1212","Welsh Invertebrate Database (WID)","doi:10.15468/bv8fcj","Natural Resources Wales.  ([Insert year of download])  Welsh Invertebrate Database (WID). Occurrence dataset accessed through the NBNAtlas","Open Government Licence (OGL) © CNC/NRW
Data may be re-used under the terms of the Open Government Licence providing it is done so, acknowledging both the source and NRW's copyright. It is the recipient's responsibility to ensure the data is fit for the intended purpose.

Attribution statement: Contains Natural Resources Wales information © Natural Resources Wales and Database Right. All rights Reserved.","For more information:  https://registry.nbnatlas.org/public/show/dr1212","","","","266"
"dr1339","East Ayrshire Species Database ","doi:10.15468/dwtg0d","Records provided by East Ayrshire Species Database , accessed through NBN Atlas website.","Open Government Licence (OGL) OGL","For more information:  email James.macdonald@east-ayrshire.gov.uk, or https://registry.nbnatlas.org/public/show/dr1339","","","","3"
"dr1216","Rotherham Biological Records Centre - Non-sensitive Records from all taxonomic groups","doi:10.15468/d3tufo","Records provided by Rotherham Biological Records Centre - Non-sensitive Records from all taxonomic groups, accessed through NBN Atlas website.","Creative Commons, with Attribution, Non-commercial v4.0 (CC-BY-NC) CC-BY-NC","For more information:  email Paul.Leonard@rotherham.gov.uk, or https://registry.nbnatlas.org/public/show/dr1216","","","","7435"
"dr703","Dorset SSSI Species Records 1952 - 2004 (Natural England)","doi:10.15468/vcjzts","Records provided by Dorset SSSI Species Records 1952 - 2004 (Natural England), accessed through NBN Atlas website.","Creative Commons, with Attribution, Non-commercial v4.0 (CC-BY-NC) CC-BY-NC","For more information:  email derc@dorsetcc.gov.uk , or https://registry.nbnatlas.org/public/show/dr703","","","","9"
"dr947","Bird Records held by Greater Manchester Ecology Unit","","Records provided by Bird Records held by Greater Manchester Ecology Unit, accessed through NBN Atlas website.","Creative Commons, with Attribution, Non-commercial v4.0 (CC-BY-NC) CC-BY-NC","For more information:  email suzanne.waymont@tameside.gov.uk, or https://registry.nbnatlas.org/public/show/dr947","","","","51"
"dr826","City of Edinburgh Natural Heritage Service - Natural Heritage Service Data","doi:10.15468/lexela","The Wildlife Information Centre ([Insert download year]). City of Edinburgh Natural Heritage Service - Natural Heritage Service Data. Occurrence dataset on the NBN Atlas","Open Government Licence (OGL) OGL","For more information:  email admin@wildlifeinformation.co.uk, or https://registry.nbnatlas.org/public/show/dr826","","","","1"
"dr822","RHS monitoring of native and naturalised plants and animals at its gardens and surrounding areas","doi:10.15468/mjksef","Royal Horticultural Society ([Insert download year]). RHS monitoring of native and naturalised plants and animals at its gardens and surrounding areas. Occurrence dataset on the NBN Atlas","Creative Commons with Attribution 4.0 (CC-BY) CC-BY","For more information:  email andrewsalisbury@rhs.org.uk, or https://registry.nbnatlas.org/public/show/dr822","","","","41"
"dr938","BRERC species records from all years at full resolution excluding Notable Species within the last 10 years","doi:10.15468/h1ln5p","Bristol Regional Environmental Records Centre ([Insert download year]). BEREC species records from all years at full resolution excluding Notable Species within the last 10 years. Occurrence dataset on the NBN Atlas","Creative Commons, with Attribution, Non-commercial v4.0 (CC-BY-NC) BRERC retains copyright. The data is provided via the NBN Atlas for non-commercial purposes.","For more information:  email info@brerc.org.uk, or https://registry.nbnatlas.org/public/show/dr938","","","","5849"
"dr817","St Andrews BioBlitz 2016","10.15468/146yiz","Records provided by St Andrews BioBlitz 2016, accessed through NBN Atlas website.","Creative Commons, with Attribution, Non-commercial v4.0 (CC-BY-NC) CC-BY-NC","For more information:  email nature.info@fife.gov.uk, or https://registry.nbnatlas.org/public/show/dr817","","","","1"
"dr819","Argyll Biological Records Dataset","doi:10.15468/ejve6c","Argyll Biological Records Centre ([Insert year of download]). Argyll Biological Records Dataset. Occurrence dataset on the NBN Atlas","Creative Commons with Attribution 4.0 (CC-BY) CC-BY","For more information:  https://registry.nbnatlas.org/public/show/dr819","","","","34"
"dp83","Natural England","","Records provided by Natural England, accessed through NBN Atlas website.","","For more information:  https://registry.nbnatlas.org/public/show/dp83","","","","50"
"dr1342","RECORD Amphibian Data","doi:10.15468/ufejhm","Records provided by RECORD Amphibian Data, accessed through NBN Atlas website.","Creative Commons, with Attribution, Non-commercial v4.0 (CC-BY-NC) CC-BY-NC","For more information:  email enquiry@record-lrc.co.uk, or https://registry.nbnatlas.org/public/show/dr1342","","","","11"
"dr1341","Fife breeding bird tetrad atlas 1991-99","doi:10.15468/yogoms","Records provided by Fife breeding bird tetrad atlas 1991-99, accessed through NBN Atlas website.","Creative Commons with Attribution 4.0 (CC-BY) CC-BY","For more information:  email clive.mckay@the-soc.org.uk, or https://registry.nbnatlas.org/public/show/dr1341","","","","338"
"dp199","Environmental Records Information Centre North East","","Records provided by Environmental Records Information Centre North East, accessed through NBN Atlas website.","","For more information:  email eric.ne@twmuseums.org.uk, or https://registry.nbnatlas.org/public/show/dp199","","","","1360"
"dr1347","House Sparrow Parks Project, London, 2009-2010","doi:10.15468/xiqhhc","Records provided by House Sparrow Parks Project, London, 2009-2010, accessed through NBN Atlas website.","Creative Commons with Attribution 4.0 (CC-BY) CC-BY","For more information:  email dataunit@rspb.org.uk, or https://registry.nbnatlas.org/public/show/dr1347","","","","8"
"dr493","Lothian Wildlife Information Centre Secret Garden Survey","doi:10.15468/k8goct","Records provided by Lothian Wildlife Information Centre Secret Garden Survey, accessed through NBN Atlas website.","Creative Commons, with Attribution, Non-commercial v4.0 (CC-BY-NC) CC-BY-NC","For more information:  email admin@wildlifeinformation.co.uk, or https://registry.nbnatlas.org/public/show/dr493","","","","81"
"dr496","Borders Backyard Biodiversity","doi:10.15468/jfymio","The Wildlife Information Centre or BRISC (depends on orginator in dataset name)","Creative Commons, with Attribution, Non-commercial v4.0 (CC-BY-NC) CC-BY-NC","For more information:  email admin@wildlifeinformation.co.uk, or https://registry.nbnatlas.org/public/show/dr496","","","","120"
"dr931","SEWBReC Birds (South East Wales)","doi:10.15468/qfainq","Records provided by SEWBReC Birds (South East Wales), accessed through NBN Atlas website.","Creative Commons, with Attribution, Non-commercial v4.0 (CC-BY-NC) CC-BY-NC","For more information:  email info@sewbrec.org.uk, or https://registry.nbnatlas.org/public/show/dr931","","","","3279"
"dr812","Phase 2 Woodland Survey of Wales","doi:10.15468/y6cy8j","Natural Resources Wales.  ([Insert year of download])  Phase 2 Woodland Survey of Wales. Occurrence dataset accessed through the NBNAtlas","Open Government Licence (OGL) © CNC/NRW
Data may be re-used under the terms of the Open Government Licence providing it is done so, acknowledging both the source and NRW's copyright. It is the recipient's responsibility to ensure the data is fit for the intended purpose.

Attribution statement: Contains Natural Resources Wales information © Natural Resources Wales and Database Right. All rights Reserved.","For more information:  https://registry.nbnatlas.org/public/show/dr812","","","","7"
"dr1350","North East Scotland Birds (1883-2010)","doi:10.15468/o1okcz","Records provided by North East Scotland Birds (1883-2010), accessed through NBN Atlas website.","Creative Commons, with Attribution, Non-commercial v4.0 (CC-BY-NC) CC-BY-NC","For more information:  email nesbrec@aberdeenshire.gov.uk, or https://registry.nbnatlas.org/public/show/dr1350","","This dataset is only available on the NBN Atlas at 1Km resolution. Users who wish to access data at a higher resolution and/or data relating to sensitive species should contact NESBReC directly. Data searches for commercial purposes will incur a service charge by NESBReC.","","344"
"dr2200","iNaturalist records from Northern Ireland","10.15468/ctgb63","Centre for Environmental Data and Recording ([Insert download year]). iNaturalist records from Northern Ireland. Occurrence dataset on the NBN Atlas","Creative Commons, with Attribution, Non-commercial v4.0 (CC-BY-NC)","For more information:  https://registry.nbnatlas.org/public/show/dr2200","","","","2"
"dr1354","Sheffield Bird Study Group (Yorkshire records)","doi:10.15468/ytwnad","Records provided by Sheffield Bird Study Group (Yorkshire records), accessed through NBN Atlas website.","Creative Commons, with Attribution, Non-commercial v4.0 (CC-BY-NC) CC-BY-NC","For more information:  email rdrwilliams@blueyonder.co.uk, or https://registry.nbnatlas.org/public/show/dr1354","","","","283"
"dr1472","North Merseyside Local Species Data (DEFRA Grant 23169)","doi:10.15468/h5k3ix","Records provided by North Merseyside Local Species Data (DEFRA Grant 23169), accessed through NBN Atlas website.","Creative Commons with Attribution 4.0 (CC-BY) CC BY","For more information:  https://registry.nbnatlas.org/public/show/dr1472","","","","3"
"dr1231","Clyde Breeding Bird Tetrad Atlas 1985 - 1991 - non-sensitive species","doi:10.15468/bbfikt","Records provided by Clyde Breeding Bird Tetrad Atlas 1985 - 1991 - non-sensitive species, accessed through NBN Atlas website.","Creative Commons with Attribution 4.0 (CC-BY) CC-BY","For more information:  email clive.mckay@the-soc.org.uk, or https://registry.nbnatlas.org/public/show/dr1231","","","","580"
"dr1473","An 'as-complete-as-possible' Sussex Beetle Records dataset covering the period to March 2017","doi:10.15468/nabhzq","An 'as-complete-as-possible' Sussex Beetle Records dataset covering the period to March 2017, SxBRC (2020)","Creative Commons with Attribution 4.0 (CC-BY)","For more information:  https://registry.nbnatlas.org/public/show/dr1473","","CC BY license","","29"
"dr1236","National Trust Species Records","doi:10.15468/opc6g1","National Trust ([Insert download year]). National Trust Species Records. Occurrence dataset on the NBN Atlas","Creative Commons Zero v1.0 (CC0) CC0","For more information:  email gordon.barker@nationaltrust.org.uk, or https://registry.nbnatlas.org/public/show/dr1236","","","","202"
"dr1237","BTO First Atlas of Wintering Birds in Britain and Ireland: 1981/82-1983/84.","doi:10.15468/huodzs","Records provided by BTO First Atlas of Wintering Birds in Britain and Ireland: 1981/82-1983/84., accessed through NBN Atlas website.","Creative Commons, with Attribution, Non-commercial v4.0 (CC-BY-NC) CC-BY-NC","For more information:  https://registry.nbnatlas.org/public/show/dr1237","","","","1192"
"dr841","Merseyside BioBank Active Naturalists (verified)","doi:10.15468/ugurj2","Merseyside BioBank (2020). Merseyside BioBank Active Naturalists (verified) www.merseysidebiobank.org.uk","Creative Commons, with Attribution, Non-commercial v4.0 (CC-BY-NC) CC-BY-NC","For more information:  email Info@MerseysideBioBank.org.uk, or https://registry.nbnatlas.org/public/show/dr841","","","","97"
"dr840","Fife Nature Records Centre combined dataset","10.15468/ccc1ip","Records provided by Fife Nature Records Centre combined dataset, accessed through NBN Atlas website.","Creative Commons, with Attribution, Non-commercial v4.0 (CC-BY-NC) CC-BY-NC","For more information:  https://registry.nbnatlas.org/public/show/dr840","","Fife Nature Records Centre offer information provision services, including tailored data searches.  Please contact Fife Nature directly to access higher resolution data and the most comprehensive and up-to-date data holdings","","99"
"dr1359","Species found in the NOMS estate 2005 - Present","doi:10.15468/wcx4is","Records provided by Species found in the NOMS estate 2005 - Present, accessed through NBN Atlas website.","Creative Commons Zero v1.0 (CC0) CC0","For more information:  email beatrice.finch@noms.gsi.gov.uk, or https://registry.nbnatlas.org/public/show/dr1359","","","","4"
"dr2449","British bird eggs in the collections of World Museum, National Museums Liverpool","10.15468/n75arp","World Museum, National Museums Liverpool ([Insert year of download). British bird eggs in the collections of World Museum, National Museums Liverpool.","Creative Commons, with Attribution, Non-commercial v4.0 (CC-BY-NC)","For more information:  https://registry.nbnatlas.org/public/show/dr2449","","","","14"
"dr727","Fungi and Lichens, Outer Hebrides","doi:10.15468/tmlsm4","Outer Hebrides Biological Recording ([Insert download year]). Fungi and Lichens, Outer Hebrides. Occurrence dataset on the NBN Atlas","Creative Commons, with Attribution, Non-commercial v4.0 (CC-BY-NC) CC-BY-NC","For more information:  https://registry.nbnatlas.org/public/show/dr727","","","","1"
"dr844","Merseyside BioBank (unverified)","doi:10.15468/iou2ld","Merseyside BioBank (2020) www.merseysidebiobank.org.uk","Creative Commons, with Attribution, Non-commercial v4.0 (CC-BY-NC) CC-BY-NC","For more information:  email Info@MerseysideBioBank.org.uk, or https://registry.nbnatlas.org/public/show/dr844","","","","107"
"dr965","HBRG Insects Dataset","doi:10.15468/u1p4wc","Highland Biological Recording Group ([Insert year of download]). HBRG Insects Dataset. Occurrence dataset accessed through the NBN Atlas","Creative Commons with Attribution 4.0 (CC-BY) CC-BY","For more information:  email records@hbrg.org.uk, or https://registry.nbnatlas.org/public/show/dr965","","","","26"
"dr1241","WTSWW Data: All Taxa (West Wales)","doi:10.15468/gaakk2","Records provided by WTSWW Data: All Taxa (West Wales), accessed through NBN Atlas website.","Creative Commons, with Attribution, Non-commercial v4.0 (CC-BY-NC) CC-BY-NC","For more information:  email Kate.jones@wwbic.org.uk, or https://registry.nbnatlas.org/public/show/dr1241","","","","35"
"dr1248","NRW Regional Data: North Wales","doi:10.15468/krljpu","Records provided by NRW Regional Data: North Wales, accessed through NBN Atlas website.","Open Government Licence (OGL) OGL","For more information:  email record@cofnod.org.uk, or https://registry.nbnatlas.org/public/show/dr1248","","","","2"
"dr958","Coastal Saltmarsh Monitoring","doi:10.15468/f7wrax","Natural Resources Wales.  ([Insert year of download])  Coastal Saltmarsh Monitoring.  Occurrence dataset accessed through the NBNAtlas","Open Government Licence (OGL) © CNC/NRW
Data may be re-used under the terms of the Open Government Licence providing it is done so, acknowledging both the source and NRW's copyright. It is the recipient's responsibility to ensure the data is fit for the intended purpose.

Attribution statement: Contains Natural Resources Wales information © Natural Resources Wales and Database Right. All rights Reserved.","For more information:  https://registry.nbnatlas.org/public/show/dr958","","","","15"
"dr909","BRERC Notable Species records within the last 10 years","doi:10.15468/vntgox","Bristol Regional Environmental Records Centre ([Insert download year]). BRERC Notable Species records within the last 10 years. Occurrence dataset on the NBN Atlas","Creative Commons, with Attribution, Non-commercial v4.0 (CC-BY-NC) BRERC retains copyright. The data is provided via the NBN Atlas for non-commercial purposes.","For more information:  email info@brerc.org.uk, or https://registry.nbnatlas.org/public/show/dr909","","","","852"
"dr1250","Ty Canol National Nature Reserve (NNR) Species Inventory","doi:10.15468/shxquu","Natural Resources Wales.  ([Insert year of download])  Ty Canol National Nature Reserve (NNR) Species Inventory. Occurrence dataset accessed through the NBNAtlas","Open Government Licence (OGL) © CNC/NRW
Data may be re-used under the terms of the Open Government Licence providing it is done so, acknowledging both the source and NRW's copyright. It is the recipient's responsibility to ensure the data is fit for the intended purpose.

Attribution statement: Contains Natural Resources Wales information © Natural Resources Wales and Database Right. All rights Reserved.","For more information:  https://registry.nbnatlas.org/public/show/dr1250","","","","2"
"dr2581","Nottinghamshire Wildlife Trust - Records","10.15468/p2vf4u","Data supplied by Nottinghamshire Wildlife Trust","Creative Commons, with Attribution, Non-commercial v4.0 (CC-BY-NC) CC BY-NC
      		Creative Commons Attribution Non-Commercial","For more information:  email info@nottswt.co.uk, or https://registry.nbnatlas.org/public/show/dr2581","","","","3"
"dr1371","Odonata records for Dumfries and Galloway.","doi:10.15468/ndoymm","Records provided by Odonata records for Dumfries and Galloway., accessed through NBN Atlas website.","Creative Commons, with Attribution, Non-commercial v4.0 (CC-BY-NC) CC-BY-NC","For more information:  email info@dgerc.org.uk, or https://registry.nbnatlas.org/public/show/dr1371","","","","1"
"dr1372","BTO First Atlas of Breeding Birds in Britain and Ireland: 1968-1972.","doi:10.15468/cfigc5","Records provided by BTO First Atlas of Breeding Birds in Britain and Ireland: 1968-1972., accessed through NBN Atlas website.","Creative Commons, with Attribution, Non-commercial v4.0 (CC-BY-NC) CC-BY-NC","For more information:  https://registry.nbnatlas.org/public/show/dr1372","","","","821"
"dr2464","Leicestershire and Rutland Environmental Records Centre records 2000-2009","10.15468/cs2zzf","Leicestershire and Rutland Environmental Records Centre ([Insert year of download]). Leicestershire and Rutland Environmental Records Centre records 2000-2009. Occurrence dataset on the NBN Atlas.","Creative Commons, with Attribution, Non-commercial v4.0 (CC-BY-NC) LRERC should be acknowledged in any use of the data.  The data supplier is contained within the dataset.  Further metadata on individual data suppliers datasets can be found by searching for the datasetID at https://my.lerc.online/Datasets.aspx?src=lr","For more information:  https://registry.nbnatlas.org/public/show/dr2464","","","","509"
"dr2465","Leicestershire and Rutland Environmental Records Centre records 2010-2014","10.15468/9n92x3","Leicestershire and Rutland Environmental Records Centre ([Insert year of download]). Leicestershire and Rutland Environmental Records Centre records 2010-2014. Occurrence dataset on the NBN Atlas","Creative Commons, with Attribution, Non-commercial v4.0 (CC-BY-NC) LRERC should be acknowledged in any use of the data.  The data supplier is contained within the dataset.  Further metadata on individual data suppliers datasets can be found by searching for the datasetID at https://my.lerc.online/Datasets.aspx?src=lr","For more information:  https://registry.nbnatlas.org/public/show/dr2465","","","","453"
"dr1373","RECORD Odonata Data","doi:10.15468/bob65s","Records provided by RECORD Odonata Data, accessed through NBN Atlas website.","Creative Commons, with Attribution, Non-commercial v4.0 (CC-BY-NC) CC-BY-NC","For more information:  email enquiry@record-lrc.co.uk, or https://registry.nbnatlas.org/public/show/dr1373","","","","4"
"dr2463","Leicestershire and Rutland Environmental Records Centre records pre 2000","10.15468/res3cx","Leicestershire and Rutland Environmental Records Centre ([Insert year of download]). Leicestershire and Rutland Environmental Records Centre records pre 2000. Occurrence dataset on the NBN Atlas.","Creative Commons, with Attribution, Non-commercial v4.0 (CC-BY-NC) LRERC should be acknowledged in any use of the data.  The data supplier is contained within the dataset.  Further metadata on individual data suppliers datasets can be found by searching for the datasetID at https://my.lerc.online/Datasets.aspx?src=lr","For more information:  https://registry.nbnatlas.org/public/show/dr2463","","","","108"
"dp165","Argyll Bird Club","","Records provided by Argyll Bird Club, accessed through NBN Atlas website.","","For more information:  https://registry.nbnatlas.org/public/show/dp165","","","","50"
"dr1379","RECORD Butterfly Data","doi:10.15468/1sdjff","Records provided by RECORD Butterfly Data, accessed through NBN Atlas website.","Creative Commons, with Attribution, Non-commercial v4.0 (CC-BY-NC) CC-BY-NC","For more information:  email enquiry@record-lrc.co.uk, or https://registry.nbnatlas.org/public/show/dr1379","","","","61"
"dr2468","Sciomyzidae Recording Scheme","10.15468/tx2mgd","Dipterists Forum ([Insert year of download]). Sciomyzidae Recording Scheme. Occurrence dataset on the NBN Atlas","Creative Commons, with Attribution, Non-commercial v4.0 (CC-BY-NC)","For more information:  https://registry.nbnatlas.org/public/show/dr2468","","","","4"
"dr1259","Heteroptera: Records for Kent","doi:10.15468/xff0ka","Records provided by Heteroptera: Records for Kent, accessed through NBN Atlas website.","Creative Commons, with Attribution, Non-commercial v4.0 (CC-BY-NC) CC-BY-NC","For more information:  email tony.witts@kmbrc.org.uk, or https://registry.nbnatlas.org/public/show/dr1259","","","","86"
"dr2466","Leicestershire and Rutland Environmental Records Centre records 2015-2019","10.15468/dues93","Leicestershire and Rutland Environmental Records Centre ([Insert year of download]). Leicestershire and Rutland Environmental Records Centre records 2015-2019. Occurrence dataset on the NBN Atlas.","Creative Commons, with Attribution, Non-commercial v4.0 (CC-BY-NC) LRERC should be acknowledged in any use of the data.  The data supplier is contained within the dataset.  Further metadata on individual data suppliers datasets can be found by searching for the datasetID at https://my.lerc.online/Datasets.aspx?src=lr","For more information:  https://registry.nbnatlas.org/public/show/dr2466","","","","193"
"dp162","Fife Nature Records Centre","","Records provided by Fife Nature Records Centre, accessed through NBN Atlas website.","","For more information:  email nature.info@fife.gov.uk, or https://registry.nbnatlas.org/public/show/dp162","","","","108"
"dr1935","NRW Regional Data: South East Wales Non-sensitive species","10.15468/g7xxs8","NRW Regional Data: South East Wales Non-sensitive species, SEWBReC (2018)","Open Government Licence (OGL)","For more information:  https://registry.nbnatlas.org/public/show/dr1935","","","","59"
"dr904","City of Edinburgh Natural Heritage Service - Ranger Patrol Records","doi:10.15468/j9ht0u","The Wildlife Information Centre ([Insery download year]). City of Edinburgh Natural Heritage Service - Ranger Patrol Records. Occurrence dataset on the NBN Atlas","Open Government Licence (OGL) OGL","For more information:  email admin@wildlifeinformation.co.uk, or https://registry.nbnatlas.org/public/show/dr904","","","","12"
"dr903","Dipterists Forum: Field Week 2015 (Nottinghamshire)","doi:10.15468/0d19t6","Records provided by Dipterists Forum: Field Week 2015 (Nottinghamshire), accessed through NBN Atlas website.","Creative Commons, with Attribution, Non-commercial v4.0 (CC-BY-NC) CC-BY-NC","For more information:  email darwyn.sumner@ntlworld.com, or https://registry.nbnatlas.org/public/show/dr903","","","","3"
"dp0","Royal Society for the Protection of Birds","","Records provided by Royal Society for the Protection of Birds, accessed through NBN Atlas website.","","For more information:  email Dataunit@rspb.org.uk, or https://registry.nbnatlas.org/public/show/dp0","","","","24"
"dp3","Outer Hebrides Biological Recording","","Records provided by Outer Hebrides Biological Recording, accessed through NBN Atlas website.","","For more information:  email admin@ohbr.org.uk, or https://registry.nbnatlas.org/public/show/dp3","","","","5"
"dp2","Scottish Wildlife Trust","","Records provided by Scottish Wildlife Trust, accessed through NBN Atlas website.","","For more information:  email datarequests@scottishwildlifetrust.org.uk, or https://registry.nbnatlas.org/public/show/dp2","","","","282"
"dp7","Highland Biological Recording Group","","Records provided by Highland Biological Recording Group, accessed through NBN Atlas website.","","For more information:  email info@hbrg.org.uk, or https://registry.nbnatlas.org/public/show/dp7","","","","30"
"dp160","Glasgow Museums Biological Records Centre","","Records provided by Glasgow Museums Biological Records Centre, accessed through NBN Atlas website.","","For more information:  https://registry.nbnatlas.org/public/show/dp160","","","","33"
"dp154","NatureSpot","","Records provided by NatureSpot, accessed through NBN Atlas website.","","For more information:  email info@naturespot.org.uk, or https://registry.nbnatlas.org/public/show/dp154","","","","209"
"dr1269","Highland bird data 2002 - 2003 - non-breeding records","doi:10.15468/ovr9nu","Records provided by Highland bird data 2002 - 2003 - non-breeding records, accessed through NBN Atlas website.","Creative Commons with Attribution 4.0 (CC-BY) CC-BY","For more information:  email clive.mckay@the-soc.org.uk, or https://registry.nbnatlas.org/public/show/dr1269","","","","6"
"dr1148","Isle of Man wildlife records from 01/01/2000 to 13/02/2017","doi:10.15468/mopwow","Manx Biological Recording Partnership (2020). Isle of Man wildlife records from 01/01/2000 to 13/02/2017","Creative Commons, with Attribution, Non-commercial v4.0 (CC-BY-NC) CC-BY-NC","For more information:  email Philippa.Tomlinson@gov.im, or https://registry.nbnatlas.org/public/show/dr1148","","","","4"
"dr2117","South East Scotland Tetrad Atlas 2008 - 2013 - non-sensitive breeding species","10.15468/9xhy5h","Murray, R.D., Andrews, I.J. & Holling, M. 2019. Birds in South-east Scotland 2007-13: a tetrad atlas of the birds of Lothian and Borders. The Scottish Ornithologists’ Club, Aberlady.","Creative Commons with Attribution 4.0 (CC-BY)","For more information:  https://registry.nbnatlas.org/public/show/dr2117","","","","928"
"dr1941","Northern Ireland Environment Agency (NIEA) Collated Species Records","10.15468/gefbqb","Northern Ireland Environment Agency (NIEA) Collated Species Records, CEDaR (2019)","Open Government Licence (OGL)","For more information:  https://registry.nbnatlas.org/public/show/dr1941","","","","6"
"dp156","Leicestershire and Rutland Environmental Records Centre","","Records provided by Leicestershire and Rutland Environmental Records Centre, accessed through NBN Atlas website.","","For more information:  email LRERC@leics.gov.uk, or https://registry.nbnatlas.org/public/show/dp156","","","","1263"
"dr1267","Highland Breeding Bird Data 2002-2003 - non-sensitive breeding species","doi:10.15468/559t1y","Records provided by Highland Breeding Bird Data 2002-2003 - non-sensitive breeding species, accessed through NBN Atlas website.","Creative Commons with Attribution 4.0 (CC-BY) CC-BY","For more information:  email clive.mckay@the-soc.org.uk, or https://registry.nbnatlas.org/public/show/dr1267","","","","5"
"dr698","Dorset Sites of Nature Conservation Interest (SNCI) species records 2000-2008","doi:10.15468/r1ebqb","Records provided by Dorset Sites of Nature Conservation Interest (SNCI) species records 2000-2008, accessed through NBN Atlas website.","Creative Commons, with Attribution, Non-commercial v4.0 (CC-BY-NC) CC-BY-NC","For more information:  email derc@dorsetcc.gov.uk , or https://registry.nbnatlas.org/public/show/dr698","","","","14"
"dr1944","CEDaR Dragonflies of Ireland","10.15468/ca3dut","Centre for Environmental Data and Recording ([Insert download year]). CEDaR Dragonflies of Ireland. Occurrence dataset on the NBN Atlas","Creative Commons, with Attribution, Non-commercial v4.0 (CC-BY-NC)","For more information:  https://registry.nbnatlas.org/public/show/dr1944","","","","3"
"dr2118","South East Scotland Tetrad Atlas 2007 - 2013 - non-sensitive winter species","10.15468/28drbf","Murray, R.D., Andrews, I.J. & Holling, M. 2019. Birds in South-east Scotland 2007-13: a tetrad atlas of the birds of Lothian and Borders. The Scottish Ornithologists’ Club, Aberlady.","Creative Commons with Attribution 4.0 (CC-BY)","For more information:  https://registry.nbnatlas.org/public/show/dr2118","","","","765"
"dp153","North Ayrshire Countryside Ranger Service","","Records provided by North Ayrshire Countryside Ranger Service, accessed through NBN Atlas website.","","For more information:  https://registry.nbnatlas.org/public/show/dp153","","","","3"
"dr1827","Calf of Man (Isle of Man) Bird Observatory Daily Logs, 1959-67, 1969-81","doi:10.15468/rzpbo5","Manx National Heritage Library and Archives ([Insert download year]). Calf of Man (Isle of Man) Bird Observatory Daily Logs, 1959-67, 1969-81. Occurrence dataset on the NBN Atlas","Creative Commons, with Attribution, Non-commercial v4.0 (CC-BY-NC)","For more information:  https://registry.nbnatlas.org/public/show/dr1827","","","","358"
"dp159","Greater Manchester Ecology Unit","","Records provided by Greater Manchester Ecology Unit, accessed through NBN Atlas website.","","For more information:  https://registry.nbnatlas.org/public/show/dp159","","","","51"
"dp191","Sussex Biodiversity Record Centre","","Records provided by Sussex Biodiversity Record Centre, accessed through NBN Atlas website.","","For more information:  https://registry.nbnatlas.org/public/show/dp191","","","","53"
"dr1391","RECORD Vascular Plant Data","doi:10.15468/nmdcir","Records provided by RECORD Vascular Plant Data, accessed through NBN Atlas website.","Creative Commons, with Attribution, Non-commercial v4.0 (CC-BY-NC) CC-BY-NC","For more information:  email enquiry@record-lrc.co.uk, or https://registry.nbnatlas.org/public/show/dr1391","","","","149"
"dr1270","North East Scotland Terrestrial Mammals 1900-2017 (excluding squirrels, wild cats and marine mammals)","doi:10.15468/qt0mly","Records provided by North East Scotland Terrestrial Mammals 1900-2017 (excluding squirrels, wild cats and marine mammals), accessed through NBN Atlas website.","Creative Commons, with Attribution, Non-commercial v4.0 (CC-BY-NC) CC-BY-NC","For more information:  email nesbrec@aberdeenshire.gov.uk, or https://registry.nbnatlas.org/public/show/dr1270","This dataset is only available on the NBN Atlas at 1Km resolution. Users who wish to access data at a higher resolution and/or data relating to sensitive species should contact NESBReC directly. Data searches for commercial purposes will incur a service charge by NESBReC.","","","132"
"dr1155","Natural Resources Wales Regional Data : Mid-Wales","doi:10.15468/whj6d7","Natural Resources Wales Regional Data : Mid-Wales, BIS (2020)","Open Government Licence (OGL) OGL","For more information:  https://registry.nbnatlas.org/public/show/dr1155","","Additional information is available from BIS – www.bis.org.uk. This dataset contains sensitive species records which may only be made available at full resolution under licence to approved individuals and organisations following a request to BIS. It is provided under strict confidentiality terms.","","17"
"dr1156","BTO Second Atlas of Breeding Birds in Britain and Ireland: 1988-1991.","doi:10.15468/cisnhd","Records provided by BTO Second Atlas of Breeding Birds in Britain and Ireland: 1988-1991., accessed through NBN Atlas website.","Creative Commons, with Attribution, Non-commercial v4.0 (CC-BY-NC) CC-BY-NC","For more information:  https://registry.nbnatlas.org/public/show/dr1156","","","","5319"
"dr1277","South East Scotland Tetrad Atlas 1988 - 1994 - non-sensitive breeding species","doi:10.15468/ofiznf","Records provided by South East Scotland Tetrad Atlas 1988 - 1994 - non-sensitive breeding species, accessed through NBN Atlas website.","Creative Commons with Attribution 4.0 (CC-BY) CC-BY","For more information:  email clive.mckay@the-soc.org.uk, or https://registry.nbnatlas.org/public/show/dr1277","","","","952"
"dr1395","Fife non-breeding bird 5km atlas 1991-99","doi:10.15468/rnxyvi","Records provided by Fife non-breeding bird 5km atlas 1991-99, accessed through NBN Atlas website.","Creative Commons with Attribution 4.0 (CC-BY) CC-BY","For more information:  email clive.mckay@the-soc.org.uk, or https://registry.nbnatlas.org/public/show/dr1395","","","","627"
"dr2000","Manx Bat Group records 1848 to 2016","10.15468/y7rgxd","Manx Bat Group, Isle of Man, 1848-2016","Creative Commons, with Attribution, Non-commercial v4.0 (CC-BY-NC) Please acknowledge the Manx Bat Group and Manx Biological Recording Partnership","For more information:  https://registry.nbnatlas.org/public/show/dr2000","","","","1"
"dr2007","Fife Nature Records Centre combined dataset 2018/19","10.15468/qbg6jf","Fife Nature Records Centre combined dataset 2018/19 (2019)","Creative Commons, with Attribution, Non-commercial v4.0 (CC-BY-NC)","For more information:  https://registry.nbnatlas.org/public/show/dr2007","","","","7"
"dr1399","SER Site-based Surveys","doi:10.15468/h2yko0","Records provided by SER Site-based Surveys, accessed through NBN Atlas website.","Creative Commons, with Attribution, Non-commercial v4.0 (CC-BY-NC) CC-BY-NC","For more information:  email info@staffs-ecology.org.uk, or https://registry.nbnatlas.org/public/show/dr1399","","","","84"
"dr2005","R. Manning's Records","","R. Manning's Records, TWIC (2019)","Creative Commons, with Attribution, Non-commercial v4.0 (CC-BY-NC)","For more information:  https://registry.nbnatlas.org/public/show/dr2005","","","","3"
"dp186","West Wales Biodiversity Information Centre","","Records provided by West Wales Biodiversity Information Centre, accessed through NBN Atlas website.","","For more information:  https://registry.nbnatlas.org/public/show/dp186","","","","55"
"dr1954","CEDaR Online Recording","10.15468/ke4kw8","Records provided by CEDaR Online Recording, accessed through NBN Atlas website.","Creative Commons with Attribution 4.0 (CC-BY) CC BY
      		Creative Commons Attribution","For more information:  https://registry.nbnatlas.org/public/show/dr1954","","","","13"
"dr1959","Glasgow Museums BRC: Ladybirds","10.15468/95qyds","Glasgow Museums BRC: Ladybirds (2019)","Creative Commons, with Attribution, Non-commercial v4.0 (CC-BY-NC)","For more information:  https://registry.nbnatlas.org/public/show/dr1959","","","","5"
"dr926","TWIC - Identification Workshops dataset","doi:10.15468/pplu90","TWIC - Identification Workshops dataset, TWIC (2019)","Creative Commons, with Attribution, Non-commercial v4.0 (CC-BY-NC) CC-BY-NC","For more information:  email admin@wildlifeinformation.co.uk, or https://registry.nbnatlas.org/public/show/dr926","","","","1"
"dr920","Phase 2 Lowland Grassland Survey of Wales","doi:10.15468/segig2","Natural Resources Wales.  ([Insert year of download])  Phase 2 Lowland Grassland Survey of Wales. Occurrence dataset accessed through the NBNAtlas","Open Government Licence (OGL) © CNC/NRW
Data may be re-used under the terms of the Open Government Licence providing it is done so, acknowledging both the source and NRW's copyright. It is the recipient's responsibility to ensure the data is fit for the intended purpose.

Attribution statement: Contains Natural Resources Wales information © Natural Resources Wales and Database Right. All rights Reserved.","For more information:  https://registry.nbnatlas.org/public/show/dr920","","","","96"
"dr922","TWIC Biodiversity Field Trip Data (1995-present)","doi:10.15468/ljc0ke","TWIC Biodiversity Field Trip Data (1995-present), TWIC (2019)","Creative Commons, with Attribution, Non-commercial v4.0 (CC-BY-NC) CC-BY-NC","For more information:  email admin@wildlifeinformation.co.uk, or https://registry.nbnatlas.org/public/show/dr922","","","","6"
"dr1284","Coleoptera: Records for Kent","doi:10.15468/qwl87e","Kent & Medway Biological Records Centre (2018). Coleoptera: Records for Kent. Occurrence dataset ","Creative Commons, with Attribution, Non-commercial v4.0 (CC-BY-NC) CC-BY-NC","For more information:  https://registry.nbnatlas.org/public/show/dr1284","","","","19"
"dr1163","RECORD Mammal Data","doi:10.15468/alecvo","Records provided by RECORD Mammal Data, accessed through NBN Atlas website.","Creative Commons, with Attribution, Non-commercial v4.0 (CC-BY-NC) CC-BY-NC","For more information:  email enquiry@record-lrc.co.uk, or https://registry.nbnatlas.org/public/show/dr1163","","","","13"
"dr2370","Birds (BTO/JNCC/RSPB partnership)","","Records provided by BTO, accessed through NBN Atlas website","Open Government Licence (OGL)","For more information:  https://registry.nbnatlas.org/public/show/dr2370","","","","134737"
"dr1281","Staffordshire Wildlife Trust Nature Reserves Inventory","doi:10.15468/vhdows","Records provided by Staffordshire Wildlife Trust Nature Reserves Inventory, accessed through NBN Atlas website.","Creative Commons, with Attribution, Non-commercial v4.0 (CC-BY-NC) CC-BY-NC","For more information:  email info@staffs-ecology.org.uk, or https://registry.nbnatlas.org/public/show/dr1281","","","","64"
"dr1160","Species within North Ayrshire from 1984 - Present","doi:10.15468/tvj834","Records provided by Species within North Ayrshire from 1984 - Present, accessed through NBN Atlas website.","Open Government Licence (OGL) OGL","For more information:  email rangerservice@north-ayrshire.gov.uk, or https://registry.nbnatlas.org/public/show/dr1160","","","","3"
"dr1282","RECORD Chiroptera Data","doi:10.15468/36o8sp","Records provided by RECORD Chiroptera Data, accessed through NBN Atlas website.","Creative Commons, with Attribution, Non-commercial v4.0 (CC-BY-NC) CC-BY-NC","For more information:  email enquiry@record-lrc.co.uk, or https://registry.nbnatlas.org/public/show/dr1282","","","","1"
"dr1287","NRW Regional Data: all taxa (excluding sensitive species), West Wales","doi:10.15468/q3d1hl","Records provided by NRW Regional Data: all taxa (excluding sensitive species), West Wales, accessed through NBN Atlas website.","Open Government Licence (OGL) OGL","For more information:  email Kate.jones@wwbic.org.uk, or https://registry.nbnatlas.org/public/show/dr1287","","","","8"
"dr1288","NE Scotland butterfly and moth records 1800-2010","doi:10.15468/7nnp7d","Records provided by NE Scotland butterfly and moth records 1800-2010, accessed through NBN Atlas website.","Creative Commons, with Attribution, Non-commercial v4.0 (CC-BY-NC) CC-BY-NC","For more information:  email nesbrec@aberdeenshire.gov.uk, or https://registry.nbnatlas.org/public/show/dr1288","","","","297"
"dr1164","LERN Records","doi:10.15468/esxc9a","Records provided by LERN Records, accessed through NBN Atlas website.","Creative Commons, with Attribution, Non-commercial v4.0 (CC-BY-NC) CC-BY-NC","For more information:  email lern@lancashire.gov.uk, or https://registry.nbnatlas.org/public/show/dr1164","","","","735"
"dp176","Kent & Medway Biological Records Centre","","Records provided by Kent & Medway Biological Records Centre, accessed through NBN Atlas website.","","For more information:  email info@kmbrc.org.uk, or https://registry.nbnatlas.org/public/show/dp176","","","","116"
"dp177","Rotherham Biological Records Centre","","Records provided by Rotherham Biological Records Centre, accessed through NBN Atlas website.","","For more information:  https://registry.nbnatlas.org/public/show/dp177","","","","7435"
"dr478","RSPB Reserves breeding bird surveys","doi:10.15468/ssn1l9","Data reproduced with the permission of RSPB","Creative Commons with Attribution 4.0 (CC-BY) CC-BY","For more information:  email dataunit@rspb.org.uk, or https://registry.nbnatlas.org/public/show/dr478","","","","16"
"dr1289","Bird records for Argyll for the years 2002 and 2003","doi:10.15468/uilybi","Records provided by Bird records for Argyll for the years 2002 and 2003, accessed through NBN Atlas website.","Creative Commons, with Attribution, Non-commercial v4.0 (CC-BY-NC) CC-BY-NC","For more information:  email david.wood@snh.gov.uk, or https://registry.nbnatlas.org/public/show/dr1289","","","","50"
"dp172","Dipterists Forum","","Records provided by Dipterists Forum, accessed through NBN Atlas website.","","For more information:  email showersjohn@gmail.com, or https://registry.nbnatlas.org/public/show/dp172","","","","7"
"dr1967","West Wales Online Records","","West Wales Biodiversity Information Centre ([Insert year of download]). West Wales Online Records. Occurrence dataset on the NBN Atlas","Creative Commons, with Attribution, Non-commercial v4.0 (CC-BY-NC)","For more information:  https://registry.nbnatlas.org/public/show/dr1967","","","","12"
"dr2019","Collated IRTU Freshwater Surveys","10.15468/djpqaz","Collated IRTU Freshwater Surveys, CEDaR (2019)","Open Government Licence (OGL) NIEA","For more information:  https://registry.nbnatlas.org/public/show/dr2019","","","","25"
"dp175","East Ayrshire Countryside Ranger Service","","Records provided by East Ayrshire Countryside Ranger Service, accessed through NBN Atlas website.","","For more information:  https://registry.nbnatlas.org/public/show/dp175","","","","3"
"dr915","Merseyside BioBank Active Naturalists (unverified)","doi:10.15468/smzyqf","Merseyside BioBank (2020) www.merseysidebiobank.org.uk","Creative Commons, with Attribution, Non-commercial v4.0 (CC-BY-NC) CC-BY-NC","For more information:  email Info@MerseysideBioBank.org.uk, or https://registry.nbnatlas.org/public/show/dr915","","","","35"
"dr914","St Andrews BioBlitz 2015","10.15468/xtrbvy","Records provided by St Andrews BioBlitz 2015, accessed through NBN Atlas website.","Creative Commons, with Attribution, Non-commercial v4.0 (CC-BY-NC) CC-BY-NC","For more information:  email nature.info@fife.gov.uk, or https://registry.nbnatlas.org/public/show/dr914","","","","1"
"dr910","Freshwater Lamprey Survey Data","doi:10.15468/zsv2ob","Natural Resources Wales.  ([Insert year of download])  Freshwater Lamprey Survey Data.  Occurrence dataset accessed through the NBNAtlas","Open Government Licence (OGL) © CNC/NRW

Data may be re-used under the terms of the Open Government Licence providing it is done so, acknowledging both the source and NRW's copyright. It is the recipient's responsibility to ensure the data is fit for the intended purpose.

Attribution statement: Contains Natural Resources Wales information © Natural Resources Wales and Database Right. All rights Reserved.","For more information:  https://registry.nbnatlas.org/public/show/dr910","","","","1"
"dr2380","Birds (BTO+partners) 2006 - 2010","","Records provided by BTO, accessed through NBN Atlas website","Creative Commons, with Attribution, Non-commercial v4.0 (CC-BY-NC)","For more information:  https://registry.nbnatlas.org/public/show/dr2380","","","","220989"
"dr1173","Orthoptera & Allies: Records for Kent","doi:10.15468/0rtrrm","Records provided by Orthoptera & Allies: Records for Kent, accessed through NBN Atlas website.","Creative Commons, with Attribution, Non-commercial v4.0 (CC-BY-NC) CC-BY-NC","For more information:  email tony.witts@kmbrc.org.uk, or https://registry.nbnatlas.org/public/show/dr1173","","","","2"
"dr2381","Birds (BTO+partners) 2011 - 2015","","Records provided by BTO, accessed through NBN Atlas website","Creative Commons, with Attribution, Non-commercial v4.0 (CC-BY-NC)","For more information:  https://registry.nbnatlas.org/public/show/dr2381","","","","174282"
"dr2382","Birds (BTO+partners) 2016 - 2019","","Records provided by BTO, accessed through NBN Atlas website","Creative Commons, with Attribution, Non-commercial v4.0 (CC-BY-NC)","For more information:  https://registry.nbnatlas.org/public/show/dr2382","","","","122910"
"dr1178","Biodiversity in Glasgow (BiG) Project","doi:10.15468/dju9iz","Records provided by Biodiversity in Glasgow (BiG) Project, accessed through NBN Atlas website.","Creative Commons, with Attribution, Non-commercial v4.0 (CC-BY-NC) CC-BY-NC","For more information:  https://registry.nbnatlas.org/public/show/dr1178","","","","49"
"dr1299","Shire Group IDB species data 2004 to present","doi:10.15468/p3ismw","Records provided by Shire Group IDB species data 2004 to present, accessed through NBN Atlas website.","Open Government Licence (OGL) OGL","For more information:  email alison.briggs@shiregroup-idbs.gov.uk, or https://registry.nbnatlas.org/public/show/dr1299","","","","2"
"dp121","Suffolk Biodiversity Information Service","","Records provided by Suffolk Biodiversity Information Service, accessed through NBN Atlas website.","","For more information:  email martin.sanford@suffolk.gov.uk, or https://registry.nbnatlas.org/public/show/dp121","","","","2931"
"dp242","World Museum, National Museums Liverpool","","Records provided by World Museum, National Museums Liverpool, accessed through NBN Atlas website.","","For more information:  https://registry.nbnatlas.org/public/show/dp242","","","","33"
"dr1973","Glasgow Museums BRC: Carabidae","10.15468/wk2ynm","Glasgow Museums BRC: Carabidae (2019)","Creative Commons, with Attribution, Non-commercial v4.0 (CC-BY-NC)","For more information:  https://registry.nbnatlas.org/public/show/dr1973","","","","19"
"dp122","Natural Resources Wales","","Records provided by Natural Resources Wales, accessed through NBN Atlas website.","","For more information:  email nbnadmin@cyfoethnaturiolcymru.gov.uk, or https://registry.nbnatlas.org/public/show/dp122","","","","700"
"dp243","Thames Valley Environmental Records Centre","","Records provided by Thames Valley Environmental Records Centre, accessed through NBN Atlas website.","","For more information:  https://registry.nbnatlas.org/public/show/dp243","","","","1"
"dp123","North East Scotland Biological Records Centre","","Records provided by North East Scotland Biological Records Centre, accessed through NBN Atlas website.","","For more information:  email nesbrec@aberdeenshire.gov.uk, or https://registry.nbnatlas.org/public/show/dp123","","","","773"
"dr1179","RECORD Coccinellidae Data","doi:10.15468/bqsh9z","Records provided by RECORD Coccinellidae Data, accessed through NBN Atlas website.","Creative Commons, with Attribution, Non-commercial v4.0 (CC-BY-NC) CC-BY-NC","For more information:  email enquiry@record-lrc.co.uk, or https://registry.nbnatlas.org/public/show/dr1179","","","","1"
"dr664","Invertebrate Site Register - England (1738-2005).","doi:10.15468/7wbiu7","Natural England ([Insert year of download]) Invertebrate Site Register - England (1738-2005). Occurrence dataset on the NBN Atlas","Open Government Licence (OGL) OGL","For more information:  https://registry.nbnatlas.org/public/show/dr664","","","","50"
"dr1614","Isle of Man historical wildlife records 1995 to 1999","doi:10.15468/lo2tge","Manx Biological Recording Partnership (2020). Isle of Man historical wildlife records 1995 to 1999","Creative Commons, with Attribution, Non-commercial v4.0 (CC-BY-NC)","For more information:  https://registry.nbnatlas.org/public/show/dr1614","The main survey carried out in this time period was the Phase 2 Habitat.  Others include Hillland, Terrestrial Coastal, River Corridor, Road verge, Lizards, Invertebrate, Larch Garrad's Exotic plants surveys and Intertidal Phases I and II by MNCT/CMACS/PEML. Much work was carried out by Larch Garrad for BSBI Atlas 2000 plus several species group collections and casual records.
The majority of records have a full date","Please refer to the websites of the three main partner organistions: Manx Wildlife Trust http://www.manxwt.org.uk/; Manx National Heritage http://www.manxnationalheritage.im/; Department of Environment, Food and Agriculture https://www.gov.im/about-the-government/departments/environment-food-and-agriculture/wildlife/.  See also  http://www.manxbiodiversity.org/.","","166"
"dr780","Casual records for Scottish Wildlife Trust reserves - Verified data","doi:10.15468/zeay1d","Casual records for Scottish Wildlife Trust reserves - Verified data (2020)","Creative Commons with Attribution 4.0 (CC-BY) CC-BY","For more information:  email rsiller@scottishwildlifetrust.org.uk, or https://registry.nbnatlas.org/public/show/dr780","","","","9"
"dr782","Shropshire Ecological Data Network database","doi:10.15468/5v5pvk","Shropshire Ecological Data Network ([Insert download year]). Shropshire Ecological Data Network database. Occurrence dataset on the NBN Atlas","Creative Commons with Attribution 4.0 (CC-BY) CC-BY","For more information:  email alex.lockton@gmail.com, or https://registry.nbnatlas.org/public/show/dr782","","","","857"
"dr1975","Glasgow Museums BRC: Chrysomelidae","10.15468/9z4fv6","Glasgow Museums BRC: Chrysomelidae (2019)","Creative Commons, with Attribution, Non-commercial v4.0 (CC-BY-NC) Glasgow Life","For more information:  https://registry.nbnatlas.org/public/show/dr1975","","","","4"
"dp120","Shropshire Ecological Data Network","","Records provided by Shropshire Ecological Data Network, accessed through NBN Atlas website.","","For more information:  https://registry.nbnatlas.org/public/show/dp120","","","","857"
"dr1613","Isle of Man historical wildlife records 1990 to 1994","doi:10.15468/aru16v","Records provided by Isle of Man historical wildlife records 1990 to 1994, accessed through NBN Atlas website.","Creative Commons, with Attribution, Non-commercial v4.0 (CC-BY-NC)","For more information:  https://registry.nbnatlas.org/public/show/dr1613","Specific surveys carried out during this period include Phase 1 Habitat, Road Verge, Ramsey Estuary, Ayres Pitfall, LSG Exotics, Calf of Man Sublittoral Survey.  Data also comes from several  collections such as lizards and moths and casual records.
The majority of records have a full date.","Please refer to the websites of the three main partner organistions: Manx Wildlife Trust http://www.manxwt.org.uk/; Manx National Heritage http://www.manxnationalheritage.im/; Department of Environment, Food and Agriculture https://www.gov.im/about-the-government/departments/environment-food-and-agriculture/wildlife/.  See also  http://www.manxbiodiversity.org/","","54"
"dr1976","Glasgow Museums BRC: Hemiptera","10.15468/gvvxvz","Glasgow Museums BRC: Hemiptera (2019)","Creative Commons, with Attribution, Non-commercial v4.0 (CC-BY-NC) Glasgow Life","For more information:  https://registry.nbnatlas.org/public/show/dr1976","","","","1"
"dp126","South East Wales Biodiversity Records Centre","","Records provided by South East Wales Biodiversity Records Centre, accessed through NBN Atlas website.","","For more information:  email info@sewbrec.org.uk, or https://registry.nbnatlas.org/public/show/dp126","","","","3393"
"dr789","Macro-moth distribution records for the UK for the period pre 2000 from Butterfly Conservation","doi:10.15468/xnm1lw","Records provided by Macro-moth distribution records for the UK for the period pre 2000 from Butterfly Conservation, accessed through NBN Atlas website.","Creative Commons, with Attribution, Non-commercial v4.0 (CC-BY-NC) CC-BY-NC","For more information:  email rfox@butterfly-conservation.org, or https://registry.nbnatlas.org/public/show/dr789","","","","1487"
"dr1189","Brecknock county birds records","doi:10.15468/2rd8nh","Records provided by Brecknock county birds records, accessed through NBN Atlas website.","Creative Commons, with Attribution, Non-commercial v4.0 (CC-BY-NC) CC-BY-NC","For more information:  email janet@bis.org.uk, or https://registry.nbnatlas.org/public/show/dr1189","","","","64"
"dr1742","Patrick Roper’s Notebooks","doi:10.15468/ntnedq","Records provided by Patrick Roper’s Notebooks, accessed through NBN Atlas website.","Creative Commons Zero v1.0 (CC0)","For more information:  https://registry.nbnatlas.org/public/show/dr1742","","For further detail please contact Penny Green at the Sussex Biodiversity Record Centre: pennygreen@sussexwt.org.uk  The SxBRC offers a comprehensive reporting service, the different search options can be viewed on the SxBRC website and you can download an information request form on which you can submit your enquiry: www.sxbrc.org.uk .

The data can be viewed at a 1km resolution however the full details may be obtained directly from the Sussex Biodiversity Record Centre on request. This is to protect the interests of our data providers and to enable us to keep functioning as a not-for-profit data-gathering organisation. An adminstrative charge may be made at the point of enquiry.","","24"
"dp111","Merseyside BioBank","","Records provided by Merseyside BioBank, accessed through NBN Atlas website.","","For more information:  email info@merseysidebiobank.org.uk, or https://registry.nbnatlas.org/public/show/dp111","","","","1034"
"dr772","Insects, Outer Hebrides","doi:10.15468/lbnrps","Outer Hebrides Biological Recording ([Insert download year]). Insects, Outer Hebrides. Occurrence dataset on the NBN Atlas","Creative Commons, with Attribution, Non-commercial v4.0 (CC-BY-NC) CC-BY-NC","For more information:  https://registry.nbnatlas.org/public/show/dr772","","","","2"
"dp113","Ministry of Justice","","Records provided by Ministry of Justice, accessed through NBN Atlas website.","","For more information:  email Beatrice.finch@justice.gsi.gov.uk, or https://registry.nbnatlas.org/public/show/dp113","","","","4"
"dr890","HBRG Fungus, Lichen & Lower Plants Dataset","doi:10.15468/rt48my","Highland Biological Recording Group ([Insert year of download]). HBRG Fungus, Lichen & Lower Plants Dataset. Occurrence dataset accessed through the NBN Atlas","Creative Commons with Attribution 4.0 (CC-BY) CC-BY","For more information:  https://registry.nbnatlas.org/public/show/dr890","","","","2"
"dr892","City of Edinburgh Natural Heritage Service - Bavelaw Marsh Bird Hide Records","doi:10.15468/w7obpz","Records provided by City of Edinburgh Natural Heritage Service - Bavelaw Marsh Bird Hide Records, accessed through NBN Atlas website.","Open Government Licence (OGL) OGL","For more information:  email admin@wildlifeinformation.co.uk, or https://registry.nbnatlas.org/public/show/dr892","","","","65"
"dr771","Invertebrates (except insects), Outer Hebrides","doi:10.15468/hpavud","Outer Hebrides Biological Recording ([Insert download year]). Invertebrates (except insects), Outer Hebrides. Occurrence dataset on the NBN Atlas","Creative Commons, with Attribution, Non-commercial v4.0 (CC-BY-NC) CC-BY-NC","For more information:  https://registry.nbnatlas.org/public/show/dr771","","","","2"
"dp118","Norfolk Biodiversity Information Service","","Records provided by Norfolk Biodiversity Information Service, accessed through NBN Atlas website.","","For more information:  email enquiries.nbis@norfolk.gov.uk, or https://registry.nbnatlas.org/public/show/dp118","","","","793"
"dp239","Sheffield and Rotherham Wildlife Trust","","Records provided by Sheffield and Rotherham Wildlife Trust, accessed through NBN Atlas website.","","For more information:  https://registry.nbnatlas.org/public/show/dp239","","","","27"
"dr1628","UK Roadkill Records","doi:10.15468/r3xakd","UK Roadkill Records, Project Splatter (2020)","Creative Commons, with Attribution, Non-commercial v4.0 (CC-BY-NC)","For more information:  https://registry.nbnatlas.org/public/show/dr1628","Project Splatter has been actively collecting roadkill records since the beginning of 2013, but some records may fall before this. Records before 2013 will only be sporadic records, however. The majority of records have an exact date of that the animal was found on (DD/MM/YYYY). Some records, however, do not have a date associated with the record. In these instances, the cell is left blank.","Additional information about the Project, and links to social media pages, can be found at www.projectsplatter.co.uk . Project Splatter is also available to answer any questions about the database.","","1"
"dp115","Manx Biological Recording Partnership","","Records provided by Manx Biological Recording Partnership, accessed through NBN Atlas website.","","For more information:  email philippa.tomlinson@gov.im, or https://registry.nbnatlas.org/public/show/dp115","","","","248"
"dp116","National Trust","","Records provided by National Trust, accessed through NBN Atlas website.","","For more information:  email gordon.barker@nationaltrust.org.uk, or https://registry.nbnatlas.org/public/show/dp116","","","","202"
"dp238","Caring for God’s Acre","","Records provided by Caring for God’s Acre, accessed through NBN Atlas website.","","For more information:  https://registry.nbnatlas.org/public/show/dp238","","","","5"
"dp117","Conchological Society of Great Britain & Ireland","","Records provided by Conchological Society of Great Britain & Ireland, accessed through NBN Atlas website.","","For more information:  https://registry.nbnatlas.org/public/show/dp117","","","","15"
"dp36","National Trust for Scotland","","Records provided by National Trust for Scotland, accessed through NBN Atlas website.","","For more information:  https://registry.nbnatlas.org/public/show/dp36","","","","110"
"dr1191","Orthoptera (and allies) records for Dumfries and Galloway.","doi:10.15468/h4qmdx","Records provided by Orthoptera (and allies) records for Dumfries and Galloway., accessed through NBN Atlas website.","Creative Commons, with Attribution, Non-commercial v4.0 (CC-BY-NC) CC-BY-NC","For more information:  email info@dgerc.org.uk, or https://registry.nbnatlas.org/public/show/dr1191","","","","1"
"dr1193","SER Species-based Surveys","doi:10.15468/q8qen3","Records provided by SER Species-based Surveys, accessed through NBN Atlas website.","Creative Commons, with Attribution, Non-commercial v4.0 (CC-BY-NC) CC-BY-NC","For more information:  email info@staffs-ecology.org.uk, or https://registry.nbnatlas.org/public/show/dr1193","","","","238"
"dr1197","RECORD Aculeate Hymenoptera Data","doi:10.15468/msskwi","Records provided by RECORD Aculeate Hymenoptera Data, accessed through NBN Atlas website.","Creative Commons, with Attribution, Non-commercial v4.0 (CC-BY-NC) CC-BY-NC","For more information:  email enquiry@record-lrc.co.uk, or https://registry.nbnatlas.org/public/show/dr1197","","","","3"
"dr2044","R.H.Wardell - Cardiff Nature Conservation Strategy - 1991 - 1998","10.15468/gt7t4r","R.H.Wardell - Cardiff Nature Conservation Strategy - 1991 - 1998, SEWBReC (2019)","Creative Commons, with Attribution, Non-commercial v4.0 (CC-BY-NC)","For more information:  https://registry.nbnatlas.org/public/show/dr2044","","","","1"
"dp143","Scottish Ornithologists' Club, The","","Records provided by Scottish Ornithologists' Club, The, accessed through NBN Atlas website.","","For more information:  email mail@the-soc.org.uk, or https://registry.nbnatlas.org/public/show/dp143","","","","5528"
"dr1512","Tir Cynnal and Tir Gofal Monitoring and Evaluation Programme: Whole-farm surveys for yellowhammer and curlew","","Records provided by Tir Cynnal and Tir Gofal Monitoring and Evaluation Programme: Whole-farm surveys for yellowhammer and curlew, accessed through NBN Atlas website.","Open Government Licence (OGL) OGL","For more information:  email Colin.Chapman@wales.gsi.gov.uk, or https://registry.nbnatlas.org/public/show/dr1512","","","","202"
"dp146","Shire Group of Internal Drainage Boards","","Records provided by Shire Group of Internal Drainage Boards, accessed through NBN Atlas website.","","For more information:  email info@shiregroup-idbs.gov.uk, or https://registry.nbnatlas.org/public/show/dp146","","","","2"
"dr1510","Natalie Harmsworth's Records (2010-2019)","","Natalie Harmsworth's Records (2010-2019), TWIC (2019)","Creative Commons, with Attribution, Non-commercial v4.0 (CC-BY-NC) CC-BY-NC","For more information:  email admin@wildlifeinformation.co.uk, or https://registry.nbnatlas.org/public/show/dr1510","","","","7"
"dr681","National Trust for Scotland Species Records","doi:10.15468/a5y1cz","National Trust for Scotland ([Insert download year]). National Trust for Scotland Species Records. Occurrence dataset on the NBN Atlas","Creative Commons with Attribution 4.0 (CC-BY) CC-BY","For more information:  https://registry.nbnatlas.org/public/show/dr681","","","","110"
"dr1758","Dr Mary Gillham Archive Project","10.15468/ajv47f","Dr Mary Gillham Archive Project, SEWBReC (2019)","Creative Commons with Attribution 4.0 (CC-BY)","For more information:  https://registry.nbnatlas.org/public/show/dr1758","","","","54"
"dp147","Sheffield Bird Study Group","","Records provided by Sheffield Bird Study Group, accessed through NBN Atlas website.","","For more information:  https://registry.nbnatlas.org/public/show/dp147","","","","283"
"dr689","Dorset Sites of Nature Conservation Interest (SNCI) species records pre 2000","doi:10.15468/qyg29v","Records provided by Dorset Sites of Nature Conservation Interest (SNCI) species records pre 2000, accessed through NBN Atlas website.","Creative Commons, with Attribution, Non-commercial v4.0 (CC-BY-NC) CC-BY-NC","For more information:  email derc@dorsetcc.gov.uk , or https://registry.nbnatlas.org/public/show/dr689","","","","2"
"dr1522","LWIC - Local Patch Project","","Records provided by LWIC - Local Patch Project, accessed through NBN Atlas website.","Creative Commons, with Attribution, Non-commercial v4.0 (CC-BY-NC) CC-BY-NC","For more information:  email admin@wildlifeinformation.co.uk, or https://registry.nbnatlas.org/public/show/dr1522","","","","83"
"dp133","Record","","Records provided by Record, accessed through NBN Atlas website.","","For more information:  email Info@record-lrc.co.uk, or https://registry.nbnatlas.org/public/show/dp133","","","","4850"
"dr1402","Yorkshire Wildlife Trust - Non-sensitive records from all taxonomic groups","doi:10.15468/2razk5","Records provided by Yorkshire Wildlife Trust - Non-sensitive records from all taxonomic groups, accessed through NBN Atlas website.","Creative Commons, with Attribution, Non-commercial v4.0 (CC-BY-NC) CC-BY-NC","For more information:  email phillip.whelpdale@ywt.org.uk, or https://registry.nbnatlas.org/public/show/dr1402","","","","389"
"dp134","Staffordshire Ecological Record","","Records provided by Staffordshire Ecological Record, accessed through NBN Atlas website.","","For more information:  email info@staffs-ecology.org.uk, or https://registry.nbnatlas.org/public/show/dp134","","","","418"
"dr1763","NRA River corridor survey data from 1990s - River Colne and Tributaries","doi:10.15468/xfcxd4","Records provided by NRA River corridor survey data from 1990s - River Colne and Tributaries, accessed through NBN Atlas website.","Creative Commons, with Attribution, Non-commercial v4.0 (CC-BY-NC)","For more information:  https://registry.nbnatlas.org/public/show/dr1763","","Paper records and scanned copies of the original dataset are held by Essex Wildlife Trust Biological Records centre; www.essexwtrecords.org.uk. See also Essex Rivers Hub http://www.essexrivershub.org.uk/ for further information on this catchment","","123"
"dr1521","Tir Cynnal and Tir Gofal Monitoring and Evaluation Programme: Field-scale winter surveys of yellowhammers","","Records provided by Tir Cynnal and Tir Gofal Monitoring and Evaluation Programme: Field-scale winter surveys of yellowhammers, accessed through NBN Atlas website.","Open Government Licence (OGL) OGL","For more information:  email Colin.Chapman@wales.gsi.gov.uk, or https://registry.nbnatlas.org/public/show/dr1521","","","","28"
"dp130","Yorkshire Wildlife Trust","","Records provided by Yorkshire Wildlife Trust, accessed through NBN Atlas website.","","For more information:  email phillip.whelpdale@ywt.org.uk, or https://registry.nbnatlas.org/public/show/dp130","","","","389"
"dr1524","Tir Cynnal and Tir Gofal Monitoring and Evaluation Programme: Field-scale surveys for breeding yellowhammer","","Records provided by Tir Cynnal and Tir Gofal Monitoring and Evaluation Programme: Field-scale surveys for breeding yellowhammer, accessed through NBN Atlas website.","Open Government Licence (OGL) OGL","For more information:  email Colin.Chapman@wales.gsi.gov.uk, or https://registry.nbnatlas.org/public/show/dr1524","","","","115"
"dr793","Commissioned surveys and staff surveys and reports for Scottish Wildlife Trust reserves - Unassessed data","doi:10.15468/dfwjgc","Commissioned surveys and staff surveys and reports for Scottish Wildlife Trust reserves - Unassessed data, SWT (2020)","Creative Commons with Attribution 4.0 (CC-BY) CC-BY","For more information:  email rsiller@scottishwildlifetrust.org.uk, or https://registry.nbnatlas.org/public/show/dr793","","","","6"
"dp131","Cofnod – North Wales Environmental Information Service","","Records provided by Cofnod – North Wales Environmental Information Service, accessed through NBN Atlas website.","","For more information:  email contactus@cofnod.org.uk, or https://registry.nbnatlas.org/public/show/dp131","","","","1707"
"dp29","British Trust for Ornithology","","Records provided by British Trust for Ornithology, accessed through NBN Atlas website.","","For more information:  email info@bto.org, or https://registry.nbnatlas.org/public/show/dp29","","","","953534"
"dp137","Gloucestershire Centre for Environmental Records","","Records provided by Gloucestershire Centre for Environmental Records, accessed through NBN Atlas website.","","For more information:  email gcer@gloucestershirewildlifetrust.co.uk, or https://registry.nbnatlas.org/public/show/dp137","","","","71"
"dp259","Nottinghamshire Wildlife Trust","","Records provided by Nottinghamshire Wildlife Trust, accessed through NBN Atlas website.","","For more information:  https://registry.nbnatlas.org/public/show/dp259","","","","3"
"dp139","Centre for Environmental Data and Recording","","Records provided by Centre for Environmental Data and Recording, accessed through NBN Atlas website.","","For more information:  email cedar.info@nmni.com, or https://registry.nbnatlas.org/public/show/dp139","","","","54"
