<PAMDataset>
  <PAMRasterBand band="1">
    <Description>Band_1</Description>
    <Metadata domain="IMAGE_STRUCTURE">
      <MDI key="COMPRESSION">RLE</MDI>
    </Metadata>
    <Metadata>
      <MDI key="LAYER_TYPE">athematic</MDI>
      <MDI key="STATISTICS_EXCLUDEDVALUES">32767</MDI>
      <MDI key="STATISTICS_MAXIMUM">299.10000610352</MDI>
      <MDI key="STATISTICS_MEAN">287.46091777087</MDI>
      <MDI key="STATISTICS_MEDIAN">286.94998168945</MDI>
      <MDI key="STATISTICS_MINIMUM">275.25</MDI>
      <MDI key="STATISTICS_MODE">285.29998779297</MDI>
      <MDI key="STATISTICS_SKIPFACTORX">1</MDI>
      <MDI key="STATISTICS_SKIPFACTORY">1</MDI>
      <MDI key="STATISTICS_STDDEV">3.2925806393516</MDI>
      <MDI key="STATISTICS_VALID_PERCENT">70.87</MDI>
    </Metadata>
  </PAMRasterBand>
</PAMDataset>
